,train,val,test
279,PATH000009745,,
280,PATH000009462,,
282,PATH000009778,,
289,PATH000009604,,
290,PATH000009441,,
312,PATH000009523,,
317,PATH000009835,,
325,PATH000009880,,
334,PATH000009442,,
339,PATH000009506,,
350,PATH000009933,,
354,PATH000009479,,
355,PATH000009900,,
362,PATH000009456,,
363,PATH000009945,,
384,PATH000009881,,
394,PATH000009807,,
404,PATH000009446,,
405,PATH000009572,,
411,PATH000009883,,
414,PATH000009717,,
416,PATH000009871,,
427,PATH000009595,,
435,PATH000009528,,
445,PATH000009518,,
447,PATH000009457,,
448,PATH000009697,,
457,PATH000009940,,
461,PATH000009837,,
465,PATH000009449,,
466,PATH000009779,,
470,PATH000009942,,
477,PATH000009614,,
485,PATH000009482,,
495,PATH000009844,,
505,PATH000009944,,
535,PATH000009503,,
536,PATH000009861,,
580,PATH000009839,,
581,PATH000009987,,
584,PATH000009780,,
594,PATH000009447,,
603,PATH000009381,,
604,PATH000009412,,
608,PATH000009452,,
609,PATH000009714,,
616,PATH000009858,,
617,PATH000009943,,
626,PATH000009857,,
633,PATH000009967,,
634,PATH000009461,,
635,PATH000009980,,
638,PATH000009552,,
639,PATH000009573,,
642,PATH000009432,,
646,PATH000009974,,
668,PATH000009382,,
698,PATH000009636,,
709,PATH000009813,,
714,PATH000009676,,
715,PATH000009932,,
716,PATH000009760,,
722,PATH000009678,,
726,PATH000009976,,
727,PATH000009666,,
728,PATH000009702,,
729,PATH000009971,,
732,PATH000010003,,
736,PATH000009538,,
737,PATH000009657,,
755,PATH000009693,,
757,PATH000009488,,
766,PATH000009654,,
771,PATH000009560,,
785,PATH000009756,,
786,PATH000009800,,
792,PATH000009414,,
808,PATH000009440,,
809,PATH000009502,,
811,PATH000009732,,
838,PATH000009419,,
839,PATH000009775,,
844,PATH000009367,,
845,PATH000009862,,
1233,PATH000004389,,
1234,PATH000004861,,
1235,PATH000004879,,
1257,PATH000009375,,
1258,PATH000009797,,
1326,PATH000009897,,
1335,PATH000004768,,
1433,PATH000004255,,
1592,PATH000004298,,
1717,PATH000004917,,
1724,PATH000004662,,
1746,PATH000004499,,
1749,PATH000004780,,
1759,PATH000004631,,
1801,PATH000004527,,
1809,PATH000004711,,
1827,PATH000004778,,
1828,PATH000004382,,
1829,PATH000004638,,
1834,PATH000004749,,
1837,PATH000004886,,
1838,PATH000004968,,
1848,PATH000004954,,
1853,PATH000004305,,
1881,PATH000004867,,
1887,PATH000004582,,
1890,PATH000004280,,
1899,PATH000004258,,
1911,PATH000004752,,
1917,PATH000004288,,
1921,PATH000004417,,
1946,PATH000004253,,
2019,PATH000004332,,
2053,PATH000004806,,
2077,PATH000009547,,
2117,PATH000010005,,
2121,PATH000009953,,
2183,PATH000009848,,
2185,PATH000009908,,
2192,PATH000009616,,
2193,PATH000009632,,
2209,PATH000009670,,
2210,PATH000009781,,
2211,PATH000009549,,
2212,PATH000009721,,
2224,PATH000009453,,
2236,PATH000004518,,
2237,PATH000004716,,
2251,PATH000004922,,
2279,PATH000004328,,
2287,PATH000010007,,
2289,PATH000009902,,
2295,PATH000009427,,
2297,PATH000009610,,
2301,PATH000009740,,
2303,PATH000009519,,
2307,PATH000009557,,
2319,PATH000009465,,
2321,PATH000009545,,
2323,PATH000009947,,
2336,PATH000009729,,
2337,PATH000009827,,
2356,PATH000009845,,
2358,PATH000009922,,
2366,PATH000009689,,
2367,PATH000009832,,
2382,PATH000004430,,
2388,PATH000009575,,
2389,PATH000009630,,
2391,PATH000010004,,
2394,PATH000009565,,
2395,PATH000009846,,
2425,PATH000009466,,
2426,PATH000009876,,
2448,PATH000009774,,
2449,PATH000009792,,
2452,PATH000009507,,
2453,PATH000009570,,
2454,PATH000009492,,
2455,PATH000009763,,
2458,PATH000000646,,
2459,PATH000000659,,
2461,PATH000000633,,
2462,PATH000000672,,
2464,PATH000000647,,
2465,PATH000000644,,
2466,PATH000000609,,
2467,PATH000000620,,
2468,PATH000000649,,
2469,PATH000000671,,
2470,PATH000000605,,
2471,PATH000000653,,
2472,PATH000000674,,
2473,PATH000012102,,
2474,PATH000012301,,
2475,PATH000012366,,
2476,PATH000000664,,
2477,PATH000000635,,
2478,PATH000000607,,
2479,PATH000000610,,
2484,PATH000000611,,
2485,PATH000000657,,
2486,PATH000000677,,
2487,PATH000000641,,
2488,PATH000000621,,
2489,PATH000000632,,
2490,PATH000000669,,
2491,PATH000000619,,
2492,PATH000000625,,
2493,PATH000000645,,
2495,PATH000000618,,
2496,PATH000000668,,
2498,PATH000000615,,
2499,PATH000000630,,
2500,PATH000000648,,
2502,PATH000000686,,
2503,PATH000000606,,
2504,PATH000000628,,
2505,PATH000000652,,
2506,PATH000000680,,
2507,PATH000000640,,
2508,PATH000000675,,
2510,PATH000000614,,
2511,PATH000000643,,
2513,PATH000000662,,
2514,PATH000000683,,
2515,PATH000002608,,
2516,PATH000002999,,
2517,PATH000003080,,
2518,PATH000000637,,
2519,PATH000000661,,
2520,PATH000000651,,
2522,PATH000000604,,
2523,PATH000000676,,
2529,PATH000000775,,
2531,PATH000000772,,
2532,PATH000000703,,
2533,PATH000002689,,
2534,PATH000000691,,
2537,PATH000000767,,
2538,PATH000000770,,
2539,PATH000000702,,
2541,PATH000000762,,
2542,PATH000000725,,
2543,PATH000000760,,
2544,PATH000000773,,
2545,PATH000000688,,
2546,PATH000000766,,
2547,PATH000007570,,
2551,PATH000000705,,
2552,PATH000000710,,
2553,PATH000000723,,
2554,PATH000000724,,
2555,PATH000000728,,
2556,PATH000000712,,
2557,PATH000000716,,
2558,PATH000000721,,
2559,PATH000000735,,
2563,PATH000000701,,
2564,PATH000000704,,
2565,PATH000000698,,
2569,PATH000000706,,
2576,PATH000000696,,
2577,PATH000000771,,
2579,PATH000000731,,
2590,PATH000013750,,
2591,PATH000013752,,
2640,PATH000001550,,
2641,PATH000007685,,
2642,PATH000007738,,
2645,PATH000012709,,
2649,PATH000003894,,
2671,PATH000000650,,
2685,PATH000007430,,
2695,PATH000002896,,
2703,PATH000001732,,
2705,PATH000002860,,
2744,PATH000003212,,
2749,PATH000002798,,
2753,PATH000006855,,
2754,PATH000007710,,
2755,PATH000008023,,
2759,PATH000007471,,
2765,PATH000007577,,
2766,PATH000007727,,
2767,PATH000008036,,
2775,PATH000000667,,
2777,PATH000000758,,
2778,PATH000013548,,
2779,PATH000013500,,
2784,PATH000001733,,
2789,PATH000011964,,
2790,PATH000011966,,
2793,PATH000002904,,
2818,PATH000002777,,
2825,PATH000000616,,
2839,PATH000002713,,
2867,PATH000000740,,
2894,PATH000000750,,
2937,PATH000007739,,
2938,PATH000007994,,
2942,PATH000011796,,
2948,PATH000006066,,
2957,PATH000013567,,
2969,PATH000008042,,
2991,PATH000013599,,
2992,PATH000013603,,
3009,PATH000002877,,
3015,PATH000000654,,
3022,PATH000001561,,
3023,PATH000001708,,
3026,PATH000003160,,
3027,PATH000003239,,
3053,PATH000003861,,
3058,PATH000000711,,
3059,PATH000000755,,
3060,PATH000000769,,
3080,PATH000000743,,
3081,PATH000000685,,
3087,PATH000002600,,
3097,PATH000002684,,
3098,PATH000003049,,
3108,PATH000000726,,
3109,PATH000000759,,
3110,PATH000001747,,
3116,PATH000001724,,
3117,PATH000003216,,
3118,PATH000003234,,
3120,PATH000002578,,
3124,PATH000001711,,
3133,PATH000002786,,
3138,PATH000001308,,
3149,PATH000002949,,
3153,PATH000006825,,
3156,PATH000001730,,
3157,PATH000000666,,
3160,PATH000007835,,
3182,PATH000000693,,
3192,PATH000013568,,
3202,PATH000001678,,
3207,PATH000006822,,
3216,PATH000000623,,
3217,PATH000000624,,
3218,PATH000000742,,
3236,PATH000003112,,
3245,PATH000000774,,
3273,PATH000013600,,
3279,PATH000013565,,
3288,PATH000003869,,
3299,PATH000007661,,
3300,PATH000007880,,
3354,PATH000013542,,
3359,PATH000000714,,
3369,PATH000001698,,
3376,PATH000006011,,
3378,PATH000000694,,
3381,PATH000003878,,
3382,PATH000007763,,
3383,PATH000007849,,
3384,PATH000007930,,
3424,PATH000011973,,
3434,PATH000000655,,
3451,PATH000001669,,
3453,PATH000000631,,
3454,PATH000000639,,
3472,PATH000001719,,
3478,PATH000001537,,
3479,PATH000001545,,
3480,PATH000001723,,
3502,PATH000000660,,
3510,PATH000003036,,
3533,PATH000007864,,
3534,PATH000007891,,
3535,PATH000007943,,
3541,PATH000002836,,
3544,PATH000002946,,
3550,PATH000000746,,
3551,PATH000000756,,
3561,PATH000001695,,
3564,PATH000000732,,
3598,PATH000001664,,
3604,PATH000000634,,
3612,PATH000000744,,
3623,PATH000001748,,
3635,PATH000001709,,
3655,PATH000001702,,
3674,PATH000002881,,
3718,PATH000000738,,
3720,PATH000000754,,
3721,PATH000000761,,
3724,PATH000002956,,
3727,PATH000002955,,
3734,PATH000002811,,
3753,PATH000002597,,
3762,PATH000001687,,
3780,PATH000000730,,
3783,PATH000000745,,
3789,PATH000000727,,
3792,PATH000000749,,
3806,PATH000000736,,
3807,PATH000000763,,
3811,PATH000000753,,
3823,PATH000003183,,
3835,PATH000003184,,
3850,PATH000000715,,
3889,PATH000001675,,
3891,PATH000001743,,
3914,PATH000000250,,
3915,PATH000000276,,
3924,PATH000000192,,
3925,PATH000000200,,
3926,PATH000000218,,
3927,PATH000000187,,
3928,PATH000000223,,
3929,PATH000000220,,
3930,PATH000000265,,
3935,PATH000000230,,
3937,PATH000000219,,
3943,PATH000000242,,
3945,PATH000000247,,
3946,PATH000000272,,
3950,PATH000000207,,
3952,PATH000000188,,
3953,PATH000000203,,
3955,PATH000008895,,
3956,PATH000000185,,
3957,PATH000000194,,
3958,PATH000000204,,
3959,PATH000008970,,
3960,PATH000009023,,
3963,PATH000000191,,
3964,PATH000000237,,
3965,PATH000009076,,
3967,PATH000000189,,
3973,PATH000000259,,
3974,PATH000000280,,
3979,PATH000000294,,
3980,PATH000000308,,
3981,PATH000000290,,
3982,PATH000000312,,
3989,PATH000000305,,
3990,PATH000000317,,
3993,PATH000000286,,
3994,PATH000000298,,
3997,PATH000000303,,
3998,PATH000000307,,
3999,PATH000000395,,
4000,PATH000000405,,
4012,PATH000000297,,
4013,PATH000000314,,
4014,PATH000006016,,
4015,PATH000006081,,
4027,PATH000000301,,
4030,PATH000000285,,
4031,PATH000000313,,
4034,PATH000000287,,
4035,PATH000000316,,
4042,PATH000000296,,
4043,PATH000000309,,
4046,PATH000000289,,
4047,PATH000000344,,
4048,PATH000000306,,
4049,PATH000000315,,
4050,PATH000000299,,
4051,PATH000000292,,
4052,PATH000000300,,
4055,PATH000000311,,
4056,PATH000000318,,
4057,PATH000000321,,
4058,PATH000000323,,
4059,PATH000000332,,
4063,PATH000000322,,
4064,PATH000000330,,
4067,PATH000000319,,
4068,PATH000000328,,
4069,PATH000000327,,
4070,PATH000000329,,
4073,PATH000000320,,
4076,PATH000000326,,
4077,PATH000000331,,
4080,PATH000000325,,
4081,PATH000000333,,
4093,PATH000004213,,
4094,PATH000004214,,
4106,PATH000004211,,
4107,PATH000004222,,
4108,PATH000008949,,
4115,PATH000004219,,
4122,PATH000004223,,
4128,PATH000004207,,
4129,PATH000004212,,
4132,PATH000004221,,
4135,PATH000008926,,
4136,PATH000008937,,
4137,PATH000004210,,
4138,PATH000004220,,
4141,PATH000009068,,
4142,PATH000009270,,
4154,PATH000009044,,
4155,PATH000009220,,
4158,PATH000009158,,
4159,PATH000009181,,
4175,PATH000009009,,
4176,PATH000009054,,
4178,PATH000004232,,
4179,PATH000009206,,
4183,PATH000004238,,
4189,PATH000000342,,
4190,PATH000000347,,
4198,PATH000008973,,
4199,PATH000009065,,
4200,PATH000004235,,
4201,PATH000004242,,
4202,PATH000005986,,
4203,PATH000006052,,
4205,PATH000008976,,
4207,PATH000008908,,
4209,PATH000008986,,
4214,PATH000004239,,
4216,PATH000008920,,
4224,PATH000008930,,
4225,PATH000009115,,
4233,PATH000009258,,
4234,PATH000009070,,
4238,PATH000009033,,
4240,PATH000009179,,
4244,PATH000009108,,
4263,PATH000009057,,
4264,PATH000009273,,
4267,PATH000009229,,
4268,PATH000009249,,
4278,PATH000009255,,
4289,PATH000009165,,
4290,PATH000009102,,
4294,PATH000009125,,
4300,PATH000009228,,
4305,PATH000004226,,
4312,PATH000004228,,
4313,PATH000004234,,
4323,PATH000009082,,
4330,PATH000009164,,
4337,PATH000009211,,
4338,PATH000008885,,
4339,PATH000008929,,
4342,PATH000008993,,
4344,PATH000008884,,
4345,PATH000009093,,
4353,PATH000008903,,
4354,PATH000009154,,
4355,PATH000000390,,
4356,PATH000000400,,
4357,PATH000004230,,
4358,PATH000004236,,
4361,PATH000009010,,
4362,PATH000009213,,
4365,PATH000009147,,
4366,PATH000009224,,
4369,PATH000008987,,
4370,PATH000009197,,
4378,PATH000009074,,
4379,PATH000009142,,
4388,PATH000004233,,
4389,PATH000009086,,
4390,PATH000009227,,
4394,PATH000000354,,
4396,PATH000009231,,
4408,PATH000000339,,
4409,PATH000000348,,
4420,PATH000000335,,
4421,PATH000000352,,
4425,PATH000000345,,
4433,PATH000009085,,
4434,PATH000009109,,
4435,PATH000000336,,
4436,PATH000000346,,
4439,PATH000000349,,
4440,PATH000000355,,
4448,PATH000009026,,
4453,PATH000000545,,
4455,PATH000009042,,
4456,PATH000009267,,
4457,PATH000000334,,
4458,PATH000000337,,
4470,PATH000009003,,
4471,PATH000009004,,
4474,PATH000000340,,
4475,PATH000000351,,
4481,PATH000009092,,
4482,PATH000000373,,
4483,PATH000000375,,
4484,PATH000009013,,
4485,PATH000009214,,
4486,PATH000009069,,
4487,PATH000009148,,
4488,PATH000000372,,
4489,PATH000008994,,
4497,PATH000000543,,
4522,PATH000009043,,
4523,PATH000009184,,
4530,PATH000009180,,
4531,PATH000009263,,
4532,PATH000000531,,
4533,PATH000000534,,
4536,PATH000000369,,
4537,PATH000000370,,
4540,PATH000009149,,
4541,PATH000009152,,
4542,PATH000008898,,
4548,PATH000000544,,
4550,PATH000009106,,
4551,PATH000009130,,
4554,PATH000008935,,
4555,PATH000009247,,
4556,PATH000000357,,
4557,PATH000000358,,
4558,PATH000008975,,
4566,PATH000000359,,
4567,PATH000000365,,
4568,PATH000000361,,
4569,PATH000000376,,
4571,PATH000009253,,
4579,PATH000008997,,
4580,PATH000009274,,
4581,PATH000000530,,
4587,PATH000009020,,
4588,PATH000009190,,
4589,PATH000008989,,
4590,PATH000009133,,
4599,PATH000009039,,
4601,PATH000009256,,
4602,PATH000009275,,
4609,PATH000009145,,
4610,PATH000009151,,
4611,PATH000008905,,
4614,PATH000009081,,
4615,PATH000009187,,
4620,PATH000009110,,
4629,PATH000008883,,
4630,PATH000009061,,
4631,PATH000009257,,
4634,PATH000008964,,
4635,PATH000009037,,
4642,PATH000009007,,
4643,PATH000009169,,
4646,PATH000009105,,
4647,PATH000009264,,
4648,PATH000000366,,
4649,PATH000000371,,
4653,PATH000000374,,
4656,PATH000008889,,
4657,PATH000009107,,
4660,PATH000008977,,
4661,PATH000009191,,
4664,PATH000009233,,
4665,PATH000009265,,
4667,PATH000009025,,
4668,PATH000009058,,
4669,PATH000009021,,
4670,PATH000009262,,
4671,PATH000009178,,
4676,PATH000009161,,
4679,PATH000009129,,
4684,PATH000000362,,
4685,PATH000000364,,
4686,PATH000009030,,
4687,PATH000009071,,
4688,PATH000008888,,
4689,PATH000009012,,
4690,PATH000009072,,
4695,PATH000009269,,
4701,PATH000009176,,
4702,PATH000009225,,
4708,PATH000008999,,
4709,PATH000009268,,
4712,PATH000009272,,
4716,PATH000009246,,
4724,PATH000008933,,
4725,PATH000009248,,
4728,PATH000008919,,
4729,PATH000009144,,
4732,PATH000009002,,
4733,PATH000009251,,
4737,PATH000008925,,
4738,PATH000009236,,
4744,PATH000000382,,
4745,PATH000000399,,
4746,PATH000000385,,
4747,PATH000000386,,
4748,PATH000008924,,
4752,PATH000000536,,
4753,PATH000000540,,
4758,PATH000000537,,
4771,PATH000000391,,
4772,PATH000000404,,
4774,PATH000009073,,
4775,PATH000008931,,
4776,PATH000009250,,
4777,PATH000009134,,
4778,PATH000008959,,
4779,PATH000009199,,
4782,PATH000008940,,
4795,PATH000009022,,
4796,PATH000008897,,
4797,PATH000008981,,
4804,PATH000000392,,
4805,PATH000000401,,
4813,PATH000009077,,
4814,PATH000009204,,
4819,PATH000009153,,
4821,PATH000000377,,
4822,PATH000000406,,
4825,PATH000000403,,
4843,PATH000000542,,
4844,PATH000000546,,
4847,PATH000008896,,
4848,PATH000009027,,
4850,PATH000009116,,
4851,PATH000009193,,
4853,PATH000000532,,
4857,PATH000009097,,
4858,PATH000009138,,
4859,PATH000009136,,
4860,PATH000009243,,
4863,PATH000009196,,
4864,PATH000009219,,
4873,PATH000008878,,
4874,PATH000009114,,
4878,PATH000009084,,
4888,PATH000008947,,
4889,PATH000009096,,
4892,PATH000008948,,
4893,PATH000009182,,
4898,PATH000009230,,
4901,PATH000008921,,
4914,PATH000008900,,
4915,PATH000009259,,
4916,PATH000000379,,
4917,PATH000000402,,
4920,PATH000009104,,
4921,PATH000009226,,
4928,PATH000000388,,
4929,PATH000000396,,
4932,PATH000008950,,
4933,PATH000009079,,
4936,PATH000000378,,
4937,PATH000008998,,
4941,PATH000000398,,
4942,PATH000000409,,
4944,PATH000009223,,
4949,PATH000008996,,
4950,PATH000009053,,
4955,PATH000000381,,
4956,PATH000000389,,
4961,PATH000009146,,
4963,PATH000009207,,
4968,PATH000009113,,
4969,PATH000009186,,
4978,PATH000000397,,
4979,PATH000008963,,
4980,PATH000009119,,
5008,PATH000000028,,
5009,PATH000000009,,
5011,PATH000000027,,
5012,PATH000000026,,
5013,PATH000000016,,
5014,PATH000000020,,
5015,PATH000000015,,
5016,PATH000000012,,
5017,PATH000000032,,
5018,PATH000000031,,
5019,PATH000000019,,
5020,PATH000000010,,
5021,PATH000000014,,
5022,PATH000000023,,
5023,PATH000000017,,
5024,PATH000000033,,
5026,PATH000003121,,
5027,PATH000003191,,
5028,PATH000003192,,
5029,PATH000003136,,
5030,PATH000002602,,
5031,PATH000002667,,
5033,PATH000002987,,
5034,PATH000002995,,
5035,PATH000002930,,
5038,PATH000002833,,
5045,PATH000002996,,
5069,PATH000004686,,
5070,PATH000004736,,
5072,PATH000003246,,
5076,PATH000003102,,
5077,PATH000002820,,
5078,PATH000002879,,
5081,PATH000002998,,
5083,PATH000002610,,
5088,PATH000003012,,
5089,PATH000002629,,
5091,PATH000002604,,
5095,PATH000002671,,
5097,PATH000003040,,
5100,PATH000003093,,
5101,PATH000002674,,
5104,PATH000002951,,
5105,PATH000002582,,
5106,PATH000002981,,
5110,PATH000003244,,
5111,PATH000003166,,
5112,PATH000003169,,
5113,PATH000002804,,
5117,PATH000002621,,
5118,PATH000003024,,
5122,PATH000003133,,
5127,PATH000002710,,
5128,PATH000002817,,
5129,PATH000002834,,
5130,PATH000002840,,
5131,PATH000002769,,
5132,PATH000002911,,
5133,PATH000004636,,
5134,PATH000004728,,
5138,PATH000002736,,
5140,PATH000002857,,
5141,PATH000002939,,
5146,PATH000002730,,
5147,PATH000002755,,
5148,PATH000002673,,
5149,PATH000002883,,
5150,PATH000003215,,
5151,PATH000003248,,
5152,PATH000002947,,
5153,PATH000003139,,
5155,PATH000003046,,
5157,PATH000002897,,
5158,PATH000002806,,
5163,PATH000002865,,
5164,PATH000002876,,
5165,PATH000003134,,
5166,PATH000003194,,
5167,PATH000003044,,
5171,PATH000003028,,
5172,PATH000002644,,
5173,PATH000002950,,
5174,PATH000003131,,
5178,PATH000002692,,
5179,PATH000003129,,
5180,PATH000002763,,
5182,PATH000003196,,
5183,PATH000002662,,
5184,PATH000003210,,
5185,PATH000003122,,
5186,PATH000002932,,
5190,PATH000002864,,
5191,PATH000003152,,
5192,PATH000002921,,
5193,PATH000002655,,
5194,PATH000003155,,
5198,PATH000003241,,
5201,PATH000002752,,
5203,PATH000002729,,
5204,PATH000003043,,
5205,PATH000002635,,
5206,PATH000003003,,
5207,PATH000002591,,
5208,PATH000002814,,
5213,PATH000002759,,
5214,PATH000003140,,
5216,PATH000002851,,
5218,PATH000002961,,
5219,PATH000003053,,
5220,PATH000003064,,
5226,PATH000008840,,
5227,PATH000008457,,
5228,PATH000008574,,
5229,PATH000008454,,
5230,PATH000008612,,
5239,PATH000008717,,
5240,PATH000008852,,
5246,PATH000008722,,
5263,PATH000008570,,
5264,PATH000008765,,
5266,PATH000008704,,
5267,PATH000008639,,
5268,PATH000008664,,
5277,PATH000008845,,
5287,PATH000008727,,
5294,PATH000008576,,
5295,PATH000008772,,
5298,PATH000008601,,
5299,PATH000008671,,
5310,PATH000008624,,
5311,PATH000008673,,
5312,PATH000008632,,
5313,PATH000008703,,
5314,PATH000008604,,
5315,PATH000008860,,
5322,PATH000008497,,
5329,PATH000008815,,
5332,PATH000008582,,
5333,PATH000008788,,
5342,PATH000009287,,
5343,PATH000009342,,
5346,PATH000009297,,
5347,PATH000009319,,
5350,PATH000009336,,
5351,PATH000009344,,
5362,PATH000009285,,
5363,PATH000009364,,
5372,PATH000009294,,
5373,PATH000009359,,
5392,PATH000009295,,
5393,PATH000009348,,
5406,PATH000009305,,
5407,PATH000009331,,
5416,PATH000009292,,
5417,PATH000009301,,
5420,PATH000009313,,
5442,PATH000009937,,
5444,PATH000009965,,
5450,PATH000009489,,
5451,PATH000009513,,
5455,PATH000010024,,
5478,PATH000009849,,
5480,PATH000009645,,
5481,PATH000009692,,
5486,PATH000009658,,
5504,PATH000009476,,
5505,PATH000009638,,
5516,PATH000009662,,
5517,PATH000009983,,
5518,PATH000008482,,
5526,PATH000009730,,
5527,PATH000009785,,
5533,PATH000009674,,
5534,PATH000010018,,
5535,PATH000009764,,
5541,PATH000009986,,
5545,PATH000009416,,
5553,PATH000009836,,
5564,PATH000002764,,
5565,PATH000003035,,
5568,PATH000002652,,
5583,PATH000004327,,
5587,PATH000003061,,
5598,PATH000002885,,
5601,PATH000004784,,
5607,PATH000004278,,
5609,PATH000004840,,
5610,PATH000004905,,
5611,PATH000004282,,
5612,PATH000004958,,
5623,PATH000004759,,
5624,PATH000004828,,
5625,PATH000004394,,
5632,PATH000002782,,
5638,PATH000002890,,
5640,PATH000003079,,
5641,PATH000002770,,
5657,PATH000002719,,
5658,PATH000003223,,
5671,PATH000003249,,
5677,PATH000002659,,
5686,PATH000002680,,
5693,PATH000003165,,
5701,PATH000003174,,
5703,PATH000002902,,
5704,PATH000008614,,
5705,PATH000008650,,
5716,PATH000008666,,
5720,PATH000008578,,
5723,PATH000008682,,
5743,PATH000008478,,
5744,PATH000008750,,
5757,PATH000008689,,
5758,PATH000008809,,
5765,PATH000008813,,
5766,PATH000008830,,
5767,PATH000008498,,
5773,PATH000008493,,
5774,PATH000008567,,
5775,PATH000009417,,
5776,PATH000009954,,
5777,PATH000009644,,
5785,PATH000009712,,
5790,PATH000009669,,
5795,PATH000009395,,
5797,PATH000009473,,
5798,PATH000009556,,
5808,PATH000009782,,
5819,PATH000009812,,
5835,PATH000009439,,
5836,PATH000009443,,
5847,PATH000013602,,
5849,PATH000013538,,
5869,PATH000012013,,
5870,PATH000012054,,
5878,PATH000013751,,
5885,PATH000012199,,
5886,PATH000012276,,
5888,PATH000012765,,
5923,PATH000012695,,
5924,PATH000012708,,
5931,PATH000012385,,
5932,PATH000012424,,
5936,PATH000013562,,
5951,PATH000012388,,
5959,PATH000012096,,
5960,PATH000012369,,
5967,PATH000012587,,
5969,PATH000012623,,
5970,PATH000012773,,
5981,PATH000013581,,
5982,PATH000013612,,
5983,PATH000013586,,
5985,PATH000013496,,
6000,PATH000012321,,
6026,PATH000012405,,
6029,PATH000011955,,
6037,PATH000012065,,
6038,PATH000012150,,
6041,PATH000012586,,
6042,PATH000012725,,
6043,PATH000012678,,
6047,PATH000012617,,
6051,PATH000012714,,
6052,PATH000012768,,
6053,PATH000012717,,
6054,PATH000012719,,
6057,PATH000012633,,
6061,PATH000012612,,
6062,PATH000012630,,
6063,PATH000012724,,
6064,PATH000012776,,
6067,PATH000012711,,
6069,PATH000012592,,
6070,PATH000012622,,
6073,PATH000013622,,
6097,PATH000012697,,
6098,PATH000012779,,
6101,PATH000012603,,
6105,PATH000012756,,
6106,PATH000012777,,
6107,PATH000012598,,
6108,PATH000012772,,
6109,PATH000011931,,
6115,PATH000013571,,
6116,PATH000013611,,
6118,PATH000012710,,
6138,PATH000012685,,
6139,PATH000012609,,
6144,PATH000012762,,
6145,PATH000013574,,
6146,PATH000013635,,
6151,PATH000012595,,
6154,PATH000012737,,
6159,PATH000013640,,
6162,PATH000013651,,
6165,PATH000000956,,
6166,PATH000000981,,
6169,PATH000000929,,
6170,PATH000000965,,
6171,PATH000005016,,
6172,PATH000005731,,
6173,PATH000000930,,
6174,PATH000000953,,
6175,PATH000000939,,
6176,PATH000000955,,
6179,PATH000000950,,
6180,PATH000000962,,
6181,PATH000000919,,
6182,PATH000000968,,
6183,PATH000001178,,
6184,PATH000001192,,
6191,PATH000012051,,
6193,PATH000012415,,
6200,PATH000012326,,
6217,PATH000001928,,
6218,PATH000001964,,
6219,PATH000000923,,
6220,PATH000000963,,
6221,PATH000001939,,
6222,PATH000001953,,
6223,PATH000001267,,
6224,PATH000001300,,
6225,PATH000001952,,
6226,PATH000001954,,
6227,PATH000001930,,
6229,PATH000001260,,
6230,PATH000001297,,
6233,PATH000005286,,
6234,PATH000005844,,
6238,PATH000005109,,
6242,PATH000006890,,
6243,PATH000006920,,
6244,PATH000005271,,
6259,PATH000012249,,
6260,PATH000011897,,
6261,PATH000012023,,
6262,PATH000012067,,
6263,PATH000012011,,
6265,PATH000012512,,
6266,PATH000012532,,
6268,PATH000012468,,
6269,PATH000012524,,
6270,PATH000012538,,
6271,PATH000012483,,
6272,PATH000012541,,
6275,PATH000012521,,
6281,PATH000001262,,
6282,PATH000001263,,
6283,PATH000000594,,
6284,PATH000000599,,
6285,PATH000001255,,
6286,PATH000001273,,
6288,PATH000001284,,
6290,PATH000001294,,
6291,PATH000001295,,
6292,PATH000001296,,
6294,PATH000012246,,
6296,PATH000012258,,
6299,PATH000011927,,
6301,PATH000011989,,
6302,PATH000012084,,
6305,PATH000012296,,
6310,PATH000012574,,
6313,PATH000012506,,
6327,PATH000000935,,
6328,PATH000000937,,
6329,PATH000000931,,
6330,PATH000000973,,
6333,PATH000001932,,
6345,PATH000001037,,
6346,PATH000001078,,
6347,PATH000001069,,
6348,PATH000001091,,
6349,PATH000001080,,
6350,PATH000001082,,
6351,PATH000001093,,
6354,PATH000000601,,
6355,PATH000001825,,
6356,PATH000001883,,
6359,PATH000001832,,
6360,PATH000001892,,
6361,PATH000001905,,
6369,PATH000001969,,
6370,PATH000001978,,
6377,PATH000005183,,
6378,PATH000005848,,
6379,PATH000005013,,
6380,PATH000005202,,
6381,PATH000004994,,
6384,PATH000012377,,
6387,PATH000012003,,
6388,PATH000012043,,
6393,PATH000012197,,
6394,PATH000012314,,
6395,PATH000012136,,
6396,PATH000012425,,
6397,PATH000011894,,
6398,PATH000011993,,
6405,PATH000012479,,
6406,PATH000012551,,
6421,PATH000000917,,
6422,PATH000000980,,
6424,PATH000012489,,
6425,PATH000012431,,
6426,PATH000012537,,
6427,PATH000011974,,
6428,PATH000012380,,
6429,PATH000012214,,
6431,PATH000011929,,
6437,PATH000001022,,
6439,PATH000001161,,
6440,PATH000001164,,
6441,PATH000001486,,
6447,PATH000001505,,
6448,PATH000001511,,
6453,PATH000012062,,
6454,PATH000012142,,
6457,PATH000012075,,
6458,PATH000012429,,
6476,PATH000001081,,
6479,PATH000001835,,
6480,PATH000001898,,
6481,PATH000006860,,
6482,PATH000006909,,
6489,PATH000012052,,
6490,PATH000012269,,
6499,PATH000001111,,
6500,PATH000001152,,
6501,PATH000001473,,
6502,PATH000001127,,
6503,PATH000001153,,
6504,PATH000001979,,
6505,PATH000001991,,
6506,PATH000001480,,
6507,PATH000001492,,
6509,PATH000001528,,
6522,PATH000006916,,
6523,PATH000006957,,
6528,PATH000011896,,
6529,PATH000012238,,
6532,PATH000012433,,
6533,PATH000012501,,
6536,PATH000012432,,
6537,PATH000012447,,
6538,PATH000012437,,
6539,PATH000012562,,
6558,PATH000001110,,
6559,PATH000001168,,
6562,PATH000005256,,
6563,PATH000005634,,
6566,PATH000012439,,
6567,PATH000012448,,
6570,PATH000012542,,
6571,PATH000012567,,
6582,PATH000001122,,
6583,PATH000001125,,
6584,PATH000001149,,
6585,PATH000001162,,
6586,PATH000001121,,
6587,PATH000001129,,
6588,PATH000001077,,
6589,PATH000001089,,
6592,PATH000005534,,
6593,PATH000005849,,
6610,PATH000012522,,
6611,PATH000012571,,
6620,PATH000001109,,
6621,PATH000001126,,
6626,PATH000012335,,
6627,PATH000012348,,
6630,PATH000001923,,
6631,PATH000001935,,
6632,PATH000001134,,
6633,PATH000001160,,
6634,PATH000001137,,
6636,PATH000001101,,
6637,PATH000001144,,
6638,PATH000002005,,
6644,PATH000005664,,
6647,PATH000005103,,
6649,PATH000005572,,
6657,PATH000012055,,
6661,PATH000011969,,
6662,PATH000012408,,
6663,PATH000012088,,
6671,PATH000012048,,
6673,PATH000001929,,
6679,PATH000001170,,
6683,PATH000001199,,
6685,PATH000001184,,
6687,PATH000001940,,
6695,PATH000012206,,
6696,PATH000012399,,
6717,PATH000012073,,
6719,PATH000012099,,
6726,PATH000005285,,
6727,PATH000005304,,
6728,PATH000006850,,
6730,PATH000005342,,
6731,PATH000005508,,
6734,PATH000011928,,
6735,PATH000011985,,
6738,PATH000012466,,
6740,PATH000012504,,
6741,PATH000012552,,
6742,PATH000001841,,
6743,PATH000001916,,
6744,PATH000001451,,
6745,PATH000001464,,
6746,PATH000001877,,
6747,PATH000001902,,
6750,PATH000001853,,
6751,PATH000001886,,
6752,PATH000001885,,
6753,PATH000001909,,
6758,PATH000011960,,
6759,PATH000012261,,
6760,PATH000012024,,
6761,PATH000012109,,
6768,PATH000006829,,
6769,PATH000006962,,
6780,PATH000001972,,
6781,PATH000001974,,
6800,PATH000005126,,
6801,PATH000005656,,
6811,PATH000012519,,
6814,PATH000012445,,
6844,PATH000001413,,
6845,PATH000001463,,
6847,PATH000007003,,
6853,PATH000012403,,
6858,PATH000006984,,
6860,PATH000000985,,
6862,PATH000001013,,
6865,PATH000012396,,
6866,PATH000012139,,
6867,PATH000012241,,
6872,PATH000000995,,
6873,PATH000001012,,
6874,PATH000001003,,
6875,PATH000001015,,
6878,PATH000001242,,
6879,PATH000001277,,
6882,PATH000001245,,
6883,PATH000001251,,
6887,PATH000012059,,
6890,PATH000011941,,
6891,PATH000011942,,
6895,PATH000012078,,
6906,PATH000012508,,
6907,PATH000012535,,
6918,PATH000012546,,
6925,PATH000000580,,
6926,PATH000000600,,
6927,PATH000000993,,
6928,PATH000001009,,
6929,PATH000001970,,
6930,PATH000001977,,
6931,PATH000001990,,
6932,PATH000001997,,
6933,PATH000002001,,
6934,PATH000001105,,
6938,PATH000000583,,
6939,PATH000000590,,
6940,PATH000001363,,
6941,PATH000001374,,
6942,PATH000001371,,
6943,PATH000001388,,
6944,PATH000001361,,
6945,PATH000001387,,
6948,PATH000012019,,
6949,PATH000012050,,
6958,PATH000001194,,
6959,PATH000001197,,
6960,PATH000001176,,
6961,PATH000001179,,
6962,PATH000001173,,
6963,PATH000001177,,
6968,PATH000012029,,
6969,PATH000012032,,
6980,PATH000001522,,
6981,PATH000001530,,
6982,PATH000001503,,
6983,PATH000001520,,
6996,PATH000005011,,
6997,PATH000005105,,
6998,PATH000005694,,
6999,PATH000005890,,
7000,PATH000005272,,
7001,PATH000005905,,
7008,PATH000001840,,
7009,PATH000001960,,
7012,PATH000001933,,
7013,PATH000001937,,
7016,PATH000002012,,
7020,PATH000011903,,
7024,PATH000011901,,
7035,PATH000005255,,
7038,PATH000001513,,
7039,PATH000001521,,
7040,PATH000001837,,
7041,PATH000001844,,
7043,PATH000005504,,
7044,PATH000005455,,
7045,PATH000005687,,
7046,PATH000005661,,
7047,PATH000005761,,
7056,PATH000005345,,
7066,PATH000012336,,
7072,PATH000011557,,
7073,PATH000011580,,
7074,PATH000011893,,
7079,PATH000011555,,
7080,PATH000012453,,
7081,PATH000012517,,
7083,PATH000012516,,
7102,PATH000001424,,
7112,PATH000011552,,
7116,PATH000011588,,
7117,PATH000011636,,
7120,PATH000012076,,
7122,PATH000001842,,
7123,PATH000001868,,
7127,PATH000001862,,
7133,PATH000006976,,
7137,PATH000005058,,
7146,PATH000007050,,
7147,PATH000007156,,
7148,PATH000011911,,
7149,PATH000012386,,
7150,PATH000011923,,
7159,PATH000013533,,
7160,PATH000001866,,
7161,PATH000001910,,
7164,PATH000001864,,
7165,PATH000001915,,
7166,PATH000001876,,
7167,PATH000001919,,
7168,PATH000001884,,
7169,PATH000001891,,
7170,PATH000001824,,
7171,PATH000001887,,
7180,PATH000006833,,
7181,PATH000006902,,
7188,PATH000001855,,
7191,PATH000011533,,
7193,PATH000012284,,
7196,PATH000012452,,
7198,PATH000012529,,
7199,PATH000012576,,
7206,PATH000001831,,
7207,PATH000001878,,
7212,PATH000005798,,
7214,PATH000006891,,
7215,PATH000006896,,
7216,PATH000006863,,
7217,PATH000007011,,
7218,PATH000006881,,
7219,PATH000006942,,
7222,PATH000006883,,
7223,PATH000006955,,
7224,PATH000012058,,
7226,PATH000011617,,
7227,PATH000011621,,
7229,PATH000011628,,
7231,PATH000011531,,
7241,PATH000011523,,
7252,PATH000012406,,
7275,PATH000011601,,
7278,PATH000001830,,
7279,PATH000001921,,
7285,PATH000011640,,
7290,PATH000012379,,
7296,PATH000001271,,
7297,PATH000001253,,
7298,PATH000001268,,
7305,PATH000012749,,
7306,PATH000012759,,
7316,PATH000011635,,
7318,PATH000011631,,
7321,PATH000012637,,
7323,PATH000012747,,
7330,PATH000001865,,
7331,PATH000001908,,
7338,PATH000002013,,
7340,PATH000005269,,
7342,PATH000005751,,
7343,PATH000001276,,
7344,PATH000001289,,
7364,PATH000005814,,
7365,PATH000006821,,
7366,PATH000006952,,
7367,PATH000011577,,
7368,PATH000011657,,
7371,PATH000011629,,
7372,PATH000011637,,
7373,PATH000011516,,
7379,PATH000011569,,
7380,PATH000011612,,
7383,PATH000011997,,
7384,PATH000012004,,
7391,PATH000013555,,
7392,PATH000013585,,
7394,PATH000005399,,
7411,PATH000001243,,
7412,PATH000001302,,
7417,PATH000012716,,
7418,PATH000012750,,
7420,PATH000012720,,
7427,PATH000001880,,
7428,PATH000001914,,
7429,PATH000001834,,
7430,PATH000001848,,
7433,PATH000001924,,
7434,PATH000001926,,
7441,PATH000011887,,
7442,PATH000011975,,
7443,PATH000012140,,
7444,PATH000012144,,
7445,PATH000012577,,
7446,PATH000012579,,
7453,PATH000012292,,
7456,PATH000001517,,
7457,PATH000001518,,
7458,PATH000001372,,
7459,PATH000001380,,
7460,PATH000006867,,
7461,PATH000006933,,
7465,PATH000006919,,
7466,PATH000011992,,
7467,PATH000012374,,
7474,PATH000002014,,
7480,PATH000001398,,
7481,PATH000001439,,
7487,PATH000012222,,
7492,PATH000012280,,
7493,PATH000012371,,
7494,PATH000001382,,
7495,PATH000001395,,
7502,PATH000001365,,
7503,PATH000001377,,
7505,PATH000012232,,
7506,PATH000011904,,
7507,PATH000011996,,
7512,PATH000001407,,
7513,PATH000001429,,
7514,PATH000006854,,
7515,PATH000007013,,
7516,PATH000001869,,
7517,PATH000001904,,
7544,PATH000001849,,
7550,PATH000012200,,
7558,PATH000001875,,
7559,PATH000001879,,
7561,PATH000001872,,
7562,PATH000001858,,
7564,PATH000001899,,
7565,PATH000001903,,
7572,PATH000001367,,
7573,PATH000001383,,
7584,PATH000005673,,
7589,PATH000011934,,
7600,PATH000005647,,
7616,PATH000006926,,
7617,PATH000006951,,
7624,PATH000000948,,
7625,PATH000000959,,
7627,PATH000000974,,
7632,PATH000000957,,
7633,PATH000000925,,
7634,PATH000000964,,
7639,PATH000000922,,
7640,PATH000000971,,
7641,PATH000000943,,
7642,PATH000000944,,
7645,PATH000000954,,
7647,PATH000001240,,
7648,PATH000001252,,
7649,PATH000001246,,
7650,PATH000001299,,
7653,PATH000001107,,
7654,PATH000001132,,
7655,PATH000001150,,
7656,PATH000001165,,
7660,PATH000011620,,
7669,PATH000005094,,
7672,PATH000005909,,
7677,PATH000006912,,
7678,PATH000006990,,
7684,PATH000007290,,
7689,PATH000011558,,
7690,PATH000011619,,
7692,PATH000011532,,
7699,PATH000011953,,
7700,PATH000012036,,
7723,PATH000001128,,
7724,PATH000001133,,
7729,PATH000001148,,
7730,PATH000001151,,
7731,PATH000001103,,
7732,PATH000001167,,
7749,PATH000006871,,
7750,PATH000006987,,
7761,PATH000012634,,
7762,PATH000012712,,
7772,PATH000012608,,
7773,PATH000012631,,
7774,PATH000012581,,
7775,PATH000012679,,
7776,PATH000012757,,
7788,PATH000012625,,
7789,PATH000012723,,
7790,PATH000012635,,
7791,PATH000012736,,
7799,PATH000012730,,
7827,PATH000011527,,
7832,PATH000011991,,
7854,PATH000011925,,
7856,PATH000012304,,
7857,PATH000012231,,
7858,PATH000012368,,
7863,PATH000001054,,
7864,PATH000001086,,
7865,PATH000001049,,
7866,PATH000001070,,
7867,PATH000001023,,
7868,PATH000001027,,
7871,PATH000001055,,
7872,PATH000001088,,
7875,PATH000001274,,
7876,PATH000001285,,
7877,PATH000001261,,
7878,PATH000001264,,
7881,PATH000001018,,
7882,PATH000001038,,
7885,PATH000001025,,
7886,PATH000001052,,
7893,PATH000005223,,
7894,PATH000005743,,
7899,PATH000005297,,
7900,PATH000005481,,
7913,PATH000005224,,
7914,PATH000005532,,
7931,PATH000005682,,
7935,PATH000006830,,
7936,PATH000006947,,
7947,PATH000006932,,
7948,PATH000006980,,
7949,PATH000006840,,
7986,PATH000005164,,
8002,PATH000011643,,
8006,PATH000006940,,
8007,PATH000001845,,
8008,PATH000001860,,
8009,PATH000001867,,
8031,PATH000005191,,
8036,PATH000012311,,
8037,PATH000012010,,
8038,PATH000012308,,
8052,PATH000000592,,
8061,PATH000001172,,
8069,PATH000011947,,
8079,PATH000012726,,
8080,PATH000012743,,
8083,PATH000012613,,
8084,PATH000012703,,
8093,PATH000001195,,
8097,PATH000001188,,
8109,PATH000001895,,
8110,PATH000001917,,
8117,PATH000012079,,
8118,PATH000012268,,
8127,PATH000001171,,
8128,PATH000001185,,
8129,PATH000001193,,
8133,PATH000001504,,
8134,PATH000001524,,
8144,PATH000001829,,
8145,PATH000001912,,
8177,PATH000005691,,
8186,PATH000005163,,
8187,PATH000005207,,
8189,PATH000005771,,
8194,PATH000012626,,
8195,PATH000012727,,
8196,PATH000012638,,
8197,PATH000012744,,
8204,PATH000005129,,
8205,PATH000005449,,
8233,PATH000005189,,
8239,PATH000000587,,
8240,PATH000000589,,
8249,PATH000007018,,
8250,PATH000006918,,
8251,PATH000006949,,
8258,PATH000011641,,
8259,PATH000011652,,
8262,PATH000011499,,
8263,PATH000011608,,
8265,PATH000011649,,
8268,PATH000011980,,
8269,PATH000012030,,
8274,PATH000012212,,
8282,PATH000012449,,
8283,PATH000012467,,
8284,PATH000011987,,
8285,PATH000012038,,
8289,PATH000012550,,
8304,PATH000001943,,
8307,PATH000000581,,
8310,PATH000000916,,
8311,PATH000000970,,
8312,PATH000000924,,
8315,PATH000000982,,
8316,PATH000000936,,
8320,PATH000001324,,
8321,PATH000001351,,
8330,PATH000006817,,
8331,PATH000006917,,
8332,PATH000006865,,
8333,PATH000006923,,
8340,PATH000001514,,
8341,PATH000001523,,
8344,PATH000001981,,
8362,PATH000012093,,
8372,PATH000005462,,
8374,PATH000007188,,
8381,PATH000011592,,
8383,PATH000011599,,
8384,PATH000011562,,
8385,PATH000011593,,
8387,PATH000012201,,
8388,PATH000012458,,
8389,PATH000012526,,
8391,PATH000000577,,
8392,PATH000001108,,
8393,PATH000001163,,
8398,PATH000006904,,
8399,PATH000006941,,
8400,PATH000012513,,
8401,PATH000012554,,
8406,PATH000012488,,
8407,PATH000012536,,
8412,PATH000001112,,
8414,PATH000000938,,
8416,PATH000001980,,
8418,PATH000000983,,
8419,PATH000000989,,
8420,PATH000000992,,
8421,PATH000000986,,
8422,PATH000000987,,
8425,PATH000000984,,
8426,PATH000000997,,
8429,PATH000001000,,
8430,PATH000001004,,
8431,PATH000000988,,
8432,PATH000001006,,
8438,PATH000001169,,
8439,PATH000001117,,
8440,PATH000001142,,
8443,PATH000001984,,
8444,PATH000002009,,
8447,PATH000001102,,
8448,PATH000001116,,
8449,PATH000000927,,
8450,PATH000001145,,
8451,PATH000005275,,
8457,PATH000005740,,
8460,PATH000005786,,
8461,PATH000006849,,
8462,PATH000006903,,
8463,PATH000001941,,
8464,PATH000000946,,
8466,PATH000000933,,
8467,PATH000000934,,
8474,PATH000001106,,
8475,PATH000001140,,
8481,PATH000000602,,
8488,PATH000005022,,
8489,PATH000005493,,
8490,PATH000005296,,
8491,PATH000005779,,
8494,PATH000006853,,
8495,PATH000006915,,
8504,PATH000007098,,
8506,PATH000006925,,
8508,PATH000007134,,
8509,PATH000007191,,
8519,PATH000006913,,
8520,PATH000011553,,
8521,PATH000011647,,
8522,PATH000011522,,
8523,PATH000011554,,
8524,PATH000011512,,
8540,PATH000001118,,
8541,PATH000001158,,
8542,PATH000001114,,
8543,PATH000001159,,
8544,PATH000001154,,
8545,PATH000001166,,
8546,PATH000001120,,
8547,PATH000001136,,
8557,PATH000005545,,
8559,PATH000005591,,
8560,PATH000005605,,
8568,PATH000001147,,
8569,PATH000001104,,
8570,PATH000001115,,
8571,PATH000001113,,
8575,PATH000001130,,
8576,PATH000001156,,
8577,PATH000001123,,
8578,PATH000001146,,
8582,PATH000001983,,
8587,PATH000001973,,
8589,PATH000001971,,
8593,PATH000006944,,
8610,PATH000001959,,
8624,PATH000007287,,
8625,PATH000007211,,
8629,PATH000007103,,
8630,PATH000007157,,
8633,PATH000012548,,
8635,PATH000005430,,
8669,PATH000001951,,
8670,PATH000001965,,
8673,PATH000001305,,
8674,PATH000001342,,
8677,PATH000006844,,
8678,PATH000006978,,
8679,PATH000006931,,
8680,PATH000007007,,
8681,PATH000012441,,
8682,PATH000012485,,
8685,PATH000012442,,
8687,PATH000012461,,
8688,PATH000012545,,
8690,PATH000012482,,
8727,PATH000004254,,
8847,PATH000003651,,
8848,PATH000003774,,
8852,PATH000003977,,
8857,PATH000003942,,
8859,PATH000003978,,
8860,PATH000004019,,
8903,PATH000004270,,
8922,PATH000005135,,
8923,PATH000005233,,
8925,PATH000005515,,
8926,PATH000005722,,
8935,PATH000005807,,
8944,PATH000007278,,
8948,PATH000007057,,
8977,PATH000007612,,
8982,PATH000008393,,
9001,PATH000007978,,
9011,PATH000009761,,
9021,PATH000008629,,
9022,PATH000008811,,
9023,PATH000009818,,
9161,PATH000003754,,
9162,PATH000003780,,
9164,PATH000003958,,
9169,PATH000003745,,
9185,PATH000004002,,
9224,PATH000004826,,
9296,PATH000005559,,
9298,PATH000005812,,
9310,PATH000005217,,
9342,PATH000011719,,
9347,PATH000007086,,
9352,PATH000007495,,
9374,PATH000007433,,
9497,PATH000011835,,
9507,PATH000011661,,
9577,PATH000003913,,
9579,PATH000003950,,
9583,PATH000004089,,
9615,PATH000004142,,
9626,PATH000004003,,
9633,PATH000004071,,
9672,PATH000004831,,
9680,PATH000005876,,
9717,PATH000007490,,
9718,PATH000007521,,
9719,PATH000007553,,
9736,PATH000008076,,
9739,PATH000008240,,
9744,PATH000008054,,
9753,PATH000008135,,
9756,PATH000008308,,
9761,PATH000008373,,
9762,PATH000008408,,
9770,PATH000008600,,
9771,PATH000009770,,
9790,PATH000011870,,
9812,PATH000011865,,
9835,PATH000011808,,
9842,PATH000011693,,
9843,PATH000011744,,
9878,PATH000011878,,
9880,PATH000011764,,
9881,PATH000011805,,
9888,PATH000011712,,
9889,PATH000011857,,
9891,PATH000011704,,
9897,PATH000011667,,
9899,PATH000011825,,
9900,PATH000011837,,
9902,PATH000003819,,
9906,PATH000003934,,
9917,PATH000003726,,
9919,PATH000003753,,
10005,PATH000005282,,
10023,PATH000005896,,
10043,PATH000005870,,
10057,PATH000005995,,
10058,PATH000006029,,
10128,PATH000008440,,
10149,PATH000009512,,
10176,PATH000007645,,
10179,PATH000007788,,
10220,PATH000008110,,
10306,PATH000005038,,
10334,PATH000005684,,
10377,PATH000007310,,
10385,PATH000007502,,
10393,PATH000007986,,
10407,PATH000007733,,
10447,PATH000007826,,
10458,PATH000007956,,
10472,PATH000008403,,
10507,PATH000008836,,
10563,PATH000007452,,
10564,PATH000007501,,
10588,PATH000007819,,
10589,PATH000007844,,
10603,PATH000008245,,
10617,PATH000005290,,
10665,PATH000005985,,
10667,PATH000006085,,
10678,PATH000007123,,
10694,PATH000004202,,
10704,PATH000007551,,
10723,PATH000007390,,
10760,PATH000004396,,
10772,PATH000004456,,
10777,PATH000004524,,
10778,PATH000004829,,
10782,PATH000004446,,
10798,PATH000004707,,
10807,PATH000004726,,
10811,PATH000005683,,
10857,PATH000007289,,
10860,PATH000007127,,
10861,PATH000007171,,
10866,PATH000007681,,
10867,PATH000007829,,
10889,PATH000007854,,
10908,PATH000009478,,
10926,PATH000008780,,
10933,PATH000009704,,
10936,PATH000009426,,
10975,PATH000008747,,
10976,PATH000009620,,
10985,PATH000009962,,
11016,PATH000004098,,
11018,PATH000004505,,
11032,PATH000004649,,
11041,PATH000004770,,
11042,PATH000004939,,
11050,PATH000004684,,
11065,PATH000004496,,
11079,PATH000004648,,
11090,PATH000004353,,
11121,PATH000005835,,
11151,PATH000007976,,
11196,PATH000008699,,
11241,PATH000004650,,
11247,PATH000004565,,
11250,PATH000004393,,
11256,PATH000004622,,
11372,PATH000004312,,
11397,PATH000004592,,
11405,PATH000005127,,
11438,PATH000007321,,
11439,PATH000007414,,
11440,PATH000007462,,
11443,PATH000007640,,
11470,PATH000007886,,
11473,PATH000008834,,
11503,PATH000009938,,
11522,PATH000008198,,
11533,PATH000008496,,
11534,PATH000008842,,
11547,PATH000009578,,
11596,PATH000004881,,
11598,PATH000004265,,
11600,PATH000004608,,
11616,PATH000004744,,
11626,PATH000004423,,
11650,PATH000004703,,
11692,PATH000005487,,
11758,PATH000007584,,
11769,PATH000008000,,
11818,PATH000000022,,
11819,PATH000000025,,
11820,PATH000000021,,
11821,PATH000000024,,
11822,PATH000000011,,
11823,PATH000000013,,
11824,PATH000000036,,
11827,PATH000000034,,
11828,PATH000000035,,
11829,PATH000000059,,
11831,PATH000000055,,
11832,PATH000000056,,
11835,PATH000000050,,
11836,PATH000000065,,
11837,PATH000000076,,
11842,PATH000000037,,
11843,PATH000000051,,
11851,PATH000000074,,
11855,PATH000000041,,
11856,PATH000000057,,
11862,PATH000000040,,
11863,PATH000000072,,
11865,PATH000000048,,
11866,PATH000000066,,
11867,PATH000000054,,
11868,PATH000000053,,
11870,PATH000000038,,
11871,PATH000000075,,
11872,PATH000000068,,
11873,PATH000000064,,
11874,PATH000000067,,
11875,PATH000000044,,
11877,PATH000000071,,
11878,PATH000000062,,
11879,PATH000000093,,
11881,PATH000000081,,
11882,PATH000000087,,
11883,PATH000000099,,
11884,PATH000000111,,
11885,PATH000000100,,
11887,PATH000000110,,
11888,PATH000000097,,
11890,PATH000000109,,
11891,PATH000000085,,
11892,PATH000000118,,
11893,PATH000000104,,
11894,PATH000000126,,
11896,PATH000000077,,
11897,PATH000000091,,
11898,PATH000000101,,
11899,PATH000000098,,
11900,PATH000000113,,
11901,PATH000000114,,
11902,PATH000000124,,
11903,PATH000000080,,
11904,PATH000000117,,
11906,PATH000000005,,
11907,PATH000000007,,
11908,PATH000000003,,
11909,PATH000000002,,
11910,PATH000000001,,
11911,PATH000000006,,
11912,PATH000000008,,
11913,PATH000000004,,
11914,PATH000000120,,
11915,PATH000000082,,
11916,PATH000000088,,
11917,PATH000000094,,
11918,PATH000000083,,
11919,PATH000000125,,
11920,PATH000000089,,
11921,PATH000000116,,
11922,PATH000000119,,
11927,PATH000000103,,
11928,PATH000000086,,
11931,PATH000000095,,
11932,PATH000000105,,
11937,PATH000000143,,
11938,PATH000000159,,
11939,PATH000000140,,
11940,PATH000000183,,
11941,PATH000000137,,
11942,PATH000000157,,
11943,PATH000000142,,
11944,PATH000000176,,
11945,PATH000000141,,
11946,PATH000000173,,
11948,PATH000000152,,
11954,PATH000000184,,
11955,PATH000000150,,
11956,PATH000000153,,
11957,PATH000000127,,
11958,PATH000000148,,
11959,PATH000000144,,
11960,PATH000000164,,
11961,PATH000000129,,
11962,PATH000000180,,
11963,PATH000000139,,
11964,PATH000000145,,
11967,PATH000000136,,
11968,PATH000000172,,
11970,PATH000000169,,
11971,PATH000000135,,
11972,PATH000000170,,
11973,PATH000000132,,
11974,PATH000000134,,
11975,PATH000000151,,
11976,PATH000000168,,
11977,PATH000000178,,
11978,PATH000000155,,
11979,PATH000000158,,
11982,PATH000000147,,
11983,PATH000000182,,
11984,PATH000000181,,
11985,PATH000000133,,
11993,PATH000000161,,
11994,PATH000000175,,
11997,PATH000000894,,
11998,PATH000000896,,
11999,PATH000000890,,
12000,PATH000000893,,
12001,PATH000000887,,
12002,PATH000000900,,
12004,PATH000000908,,
12006,PATH000000886,,
12007,PATH000000915,,
12008,PATH000000884,,
12009,PATH000000911,,
12010,PATH000000904,,
12014,PATH000000905,,
12015,PATH000000914,,
12018,PATH000003268,,
12019,PATH000000891,,
12020,PATH000000912,,
12021,PATH000000895,,
12028,PATH000003460,,
12029,PATH000003534,,
12030,PATH000003304,,
12031,PATH000003390,,
12032,PATH000003296,,
12033,PATH000000909,,
12038,PATH000000464,,
12039,PATH000000496,,
12040,PATH000000461,,
12041,PATH000000476,,
12042,PATH000000434,,
12043,PATH000000437,,
12044,PATH000000441,,
12045,PATH000000467,,
12046,PATH000003314,,
12052,PATH000000474,,
12053,PATH000000479,,
12055,PATH000003292,,
12056,PATH000003357,,
12057,PATH000003531,,
12058,PATH000000792,,
12062,PATH000000777,,
12063,PATH000000840,,
12064,PATH000000865,,
12065,PATH000000453,,
12066,PATH000000497,,
12070,PATH000000229,,
12071,PATH000000231,,
12072,PATH000003353,,
12073,PATH000003561,,
12074,PATH000000787,,
12076,PATH000000477,,
12078,PATH000003337,,
12079,PATH000000485,,
12080,PATH000000519,,
12081,PATH000000227,,
12084,PATH000000524,,
12087,PATH000000439,,
12088,PATH000000495,,
12092,PATH000000874,,
12093,PATH000000199,,
12094,PATH000000877,,
12095,PATH000000883,,
12096,PATH000000889,,
12097,PATH000000897,,
12098,PATH000000901,,
12099,PATH000000903,,
12100,PATH000000810,,
12101,PATH000000816,,
12102,PATH000000234,,
12103,PATH000000465,,
12104,PATH000000515,,
12105,PATH000003272,,
12106,PATH000003289,,
12107,PATH000003400,,
12108,PATH000003461,,
12109,PATH000003612,,
12117,PATH000001781,,
12122,PATH000000843,,
12123,PATH000000861,,
12124,PATH000000868,,
12130,PATH000000822,,
12131,PATH000000842,,
12133,PATH000000786,,
12134,PATH000000869,,
12139,PATH000000793,,
12140,PATH000000854,,
12141,PATH000000784,,
12142,PATH000000804,,
12144,PATH000000815,,
12145,PATH000000828,,
12146,PATH000000858,,
12147,PATH000000862,,
12148,PATH000000812,,
12149,PATH000000870,,
12150,PATH000000814,,
12151,PATH000000795,,
12153,PATH000000195,,
12154,PATH000000211,,
12157,PATH000000481,,
12158,PATH000000527,,
12167,PATH000000239,,
12168,PATH000003252,,
12169,PATH000003317,,
12170,PATH000003349,,
12171,PATH000003380,,
12176,PATH000000460,,
12177,PATH000000466,,
12178,PATH000000235,,
12179,PATH000000805,,
12180,PATH000000489,,
12183,PATH000000785,,
12184,PATH000000800,,
12185,PATH000000827,,
12195,PATH000000892,,
12196,PATH000003321,,
12197,PATH000003340,,
12198,PATH000003363,,
12202,PATH000000210,,
12203,PATH000000283,,
12204,PATH000003254,,
12205,PATH000003322,,
12206,PATH000003520,,
12207,PATH000003828,,
12208,PATH000000254,,
12209,PATH000000255,,
12210,PATH000000251,,
12211,PATH000003290,,
12212,PATH000003327,,
12214,PATH000003568,,
12215,PATH000000214,,
12216,PATH000000246,,
12217,PATH000003301,,
12218,PATH000003334,,
12219,PATH000003382,,
12220,PATH000003407,,
12221,PATH000003596,,
12231,PATH000000504,,
12235,PATH000000829,,
12236,PATH000000831,,
12238,PATH000000449,,
12239,PATH000000501,,
12240,PATH000000513,,
12241,PATH000000472,,
12242,PATH000000522,,
12247,PATH000000483,,
12248,PATH000000454,,
12249,PATH000000463,,
12250,PATH000003285,,
12251,PATH000003325,,
12252,PATH000003477,,
12253,PATH000003491,,
12254,PATH000003591,,
12255,PATH000000475,,
12256,PATH000000494,,
12257,PATH000000498,,
12258,PATH000000432,,
12259,PATH000000436,,
12260,PATH000000778,,
12261,PATH000000849,,
12262,PATH000003396,,
12263,PATH000003431,,
12264,PATH000003479,,
12265,PATH000000507,,
12266,PATH000000520,,
12267,PATH000000447,,
12268,PATH000000456,,
12269,PATH000000864,,
12270,PATH000000866,,
12276,PATH000001772,,
12285,PATH000001322,,
12286,PATH000001331,,
12287,PATH000001325,,
12288,PATH000001346,,
12294,PATH000001422,,
12295,PATH000001421,,
12296,PATH000001446,,
12302,PATH000001433,,
12303,PATH000001462,,
12312,PATH000001629,,
12313,PATH000001652,,
12323,PATH000001774,,
12324,PATH000001795,,
12325,PATH000001765,,
12326,PATH000001779,,
12327,PATH000001601,,
12330,PATH000001769,,
12331,PATH000001813,,
12332,PATH000001622,,
12341,PATH000001771,,
12342,PATH000001776,,
12343,PATH000001582,,
12344,PATH000001634,,
12347,PATH000001580,,
12348,PATH000001585,,
12356,PATH000001303,,
12357,PATH000001348,,
12358,PATH000003639,,
12359,PATH000003728,,
12364,PATH000001787,,
12365,PATH000001323,,
12366,PATH000001327,,
12367,PATH000001593,,
12373,PATH000001658,,
12374,PATH000001661,,
12380,PATH000001334,,
12381,PATH000001347,,
12382,PATH000001370,,
12383,PATH000001386,,
12384,PATH000001394,,
12385,PATH000001609,,
12386,PATH000001632,,
12392,PATH000001586,,
12393,PATH000001650,,
12394,PATH000001651,,
12395,PATH000001583,,
12396,PATH000001659,,
12409,PATH000001584,,
12410,PATH000001592,,
12414,PATH000001589,,
12415,PATH000001627,,
12416,PATH000001631,,
12417,PATH000001645,,
12418,PATH000001628,,
12419,PATH000001649,,
12424,PATH000001419,,
12425,PATH000001467,,
12429,PATH000000443,,
12430,PATH000000470,,
12431,PATH000001428,,
12432,PATH000001449,,
12435,PATH000001400,,
12436,PATH000001406,,
12439,PATH000000523,,
12441,PATH000003530,,
12442,PATH000000205,,
12443,PATH000000248,,
12444,PATH000003374,,
12445,PATH000003434,,
12446,PATH000003570,,
12447,PATH000003578,,
12448,PATH000003615,,
12449,PATH000000516,,
12453,PATH000000505,,
12455,PATH000000282,,
12456,PATH000003600,,
12459,PATH000000486,,
12460,PATH000000506,,
12461,PATH000003364,,
12463,PATH000003569,,
12464,PATH000003580,,
12479,PATH000003459,,
12480,PATH000003549,,
12482,PATH000003582,,
12484,PATH000000450,,
12485,PATH000000521,,
12486,PATH000000902,,
12487,PATH000003341,,
12488,PATH000003384,,
12489,PATH000003428,,
12491,PATH000003535,,
12496,PATH000001785,,
12497,PATH000001793,,
12498,PATH000001820,,
12500,PATH000001605,,
12501,PATH000001657,,
12502,PATH000001427,,
12503,PATH000001440,,
12504,PATH000001455,,
12505,PATH000001458,,
12506,PATH000001420,,
12507,PATH000001465,,
12508,PATH000000448,,
12509,PATH000000509,,
12510,PATH000000514,,
12511,PATH000000482,,
12514,PATH000003331,,
12515,PATH000003335,,
12516,PATH000003343,,
12517,PATH000003369,,
12518,PATH000003385,,
12520,PATH000003445,,
12521,PATH000003482,,
12523,PATH000003594,,
12524,PATH000003616,,
12525,PATH000000245,,
12530,PATH000000525,,
12531,PATH000003277,,
12532,PATH000003332,,
12533,PATH000003419,,
12534,PATH000003421,,
12536,PATH000003501,,
12537,PATH000003543,,
12538,PATH000003586,,
12542,PATH000001572,,
12543,PATH000001596,,
12544,PATH000001619,,
12549,PATH000001757,,
12551,PATH000001778,,
12552,PATH000001797,,
12557,PATH000001789,,
12558,PATH000001806,,
12559,PATH000003833,,
12567,PATH000001612,,
12568,PATH000001625,,
12569,PATH000001615,,
12570,PATH000001638,,
12573,PATH000001636,,
12580,PATH000001573,,
12581,PATH000001591,,
12592,PATH000001575,,
12593,PATH000001578,,
12604,PATH000000798,,
12605,PATH000000837,,
12606,PATH000000806,,
12607,PATH000000867,,
12608,PATH000000850,,
12609,PATH000000836,,
12610,PATH000000863,,
12611,PATH000000799,,
12612,PATH000000826,,
12613,PATH000000820,,
12614,PATH000000819,,
12615,PATH000000847,,
12618,PATH000000783,,
12621,PATH000000801,,
12622,PATH000000821,,
12627,PATH000000875,,
12629,PATH000000789,,
12630,PATH000000845,,
12631,PATH000000856,,
12634,PATH000000848,,
12637,PATH000000853,,
12638,PATH000000872,,
12646,PATH000003257,,
12649,PATH000001581,,
12650,PATH000001602,,
12662,PATH000001405,,
12663,PATH000001452,,
12670,PATH000001777,,
12671,PATH000001799,,
12685,PATH000001775,,
12686,PATH000001796,,
12688,PATH000004153,,
12695,PATH000001579,,
12696,PATH000001588,,
12699,PATH000001607,,
12700,PATH000001646,,
12707,PATH000002596,,
12708,PATH000002704,,
12724,PATH000003464,,
12725,PATH000003330,,
12729,PATH000003269,,
12730,PATH000003310,,
12731,PATH000003346,,
12732,PATH000003372,,
12733,PATH000003430,,
12734,PATH000003554,,
12735,PATH000003607,,
12736,PATH000003505,,
12737,PATH000003575,,
12738,PATH000003402,,
12739,PATH000003475,,
12740,PATH000003527,,
12741,PATH000003540,,
12764,PATH000002884,,
12765,PATH000003180,,
12768,PATH000002588,,
12769,PATH000002589,,
12770,PATH000002916,,
12771,PATH000002993,,
12772,PATH000002603,,
12773,PATH000002938,,
12774,PATH000002676,,
12775,PATH000003025,,
12777,PATH000003027,,
12778,PATH000002754,,
12779,PATH000002925,,
12782,PATH000003838,,
12783,PATH000003842,,
12784,PATH000005963,,
12805,PATH000005987,,
12818,PATH000001470,,
12819,PATH000001479,,
12837,PATH000001474,,
12838,PATH000001496,,
12856,PATH000003576,,
12857,PATH000003298,,
12858,PATH000003336,,
12859,PATH000003315,,
12860,PATH000003538,,
12861,PATH000003528,,
12862,PATH000003541,,
12865,PATH000003408,,
12866,PATH000003283,,
12867,PATH000003555,,
12870,PATH000003413,,
12872,PATH000003504,,
12880,PATH000003481,,
12881,PATH000003263,,
12884,PATH000003361,,
12886,PATH000003276,,
12888,PATH000003513,,
12893,PATH000003468,,
12894,PATH000003511,,
12896,PATH000003377,,
12897,PATH000003562,,
12898,PATH000003371,,
12899,PATH000003488,,
12900,PATH000003608,,
12901,PATH000003316,,
12902,PATH000003493,,
12903,PATH000003376,,
12904,PATH000003451,,
12907,PATH000003281,,
12908,PATH000003496,,
12914,PATH000003552,,
12915,PATH000003437,,
12916,PATH000003455,,
12917,PATH000003280,,
12918,PATH000003499,,
12919,PATH000003544,,
12921,PATH000003524,,
12924,PATH000003507,,
12925,PATH000003602,,
12926,PATH000003409,,
12927,PATH000003618,,
12928,PATH000003299,,
12929,PATH000003494,,
12930,PATH000003590,,
12931,PATH000003473,,
12932,PATH000003502,,
12933,PATH000003359,,
12937,PATH000003467,,
12938,PATH000003617,,
12939,PATH000003338,,
12940,PATH000003573,,
12942,PATH000003453,,
12943,PATH000003282,,
12944,PATH000003297,,
12946,PATH000003593,,
12947,PATH000003350,,
12948,PATH000003381,,
12951,PATH000003547,,
12952,PATH000003264,,
12953,PATH000003270,,
12954,PATH000003313,,
12956,PATH000003546,,
12957,PATH000003584,,
12958,PATH000003536,,
12959,PATH000003559,,
12961,PATH000003323,,
12962,PATH000003286,,
12964,PATH000003417,,
12965,PATH000003581,,
12969,PATH000003469,,
12970,PATH000003275,,
12973,PATH000005980,,
12974,PATH000006092,,
12975,PATH000003724,,
12979,PATH000005956,,
12980,PATH000006001,,
12983,PATH000005996,,
12984,PATH000006057,,
12985,PATH000005159,,
12987,PATH000005959,,
12988,PATH000006082,,
12991,PATH000003909,,
12992,PATH000003963,,
12998,PATH000003418,,
12999,PATH000003355,,
13000,PATH000003401,,
13003,PATH000003365,,
13004,PATH000003406,,
13006,PATH000003354,,
13007,PATH000003291,,
13008,PATH000003308,,
13014,PATH000003508,,
13015,PATH000003251,,
13016,PATH000003373,,
13017,PATH000006042,,
13018,PATH000006068,,
13019,PATH000006095,,
13020,PATH000006033,,
13021,PATH000006088,,
13022,PATH000003256,,
13023,PATH000003433,,
13024,PATH000003954,,
13025,PATH000004135,,
13038,PATH000005954,,
13039,PATH000006012,,
13041,PATH000006020,,
13044,PATH000005960,,
13045,PATH000006059,,
13046,PATH000006080,,
13047,PATH000006089,,
13048,PATH000005991,,
13049,PATH000006094,,
13050,PATH000003939,,
13051,PATH000004105,,
13052,PATH000003927,,
13053,PATH000004074,,
13054,PATH000003642,,
13055,PATH000003683,,
13062,PATH000002767,,
13063,PATH000002989,,
13064,PATH000002912,,
13065,PATH000002974,,
13068,PATH000003776,,
13069,PATH000003805,,
13074,PATH000001759,,
13075,PATH000001786,,
13078,PATH000001790,,
13079,PATH000001810,,
13080,PATH000001815,,
13081,PATH000001816,,
13082,PATH000003663,,
13083,PATH000003708,,
13084,PATH000001768,,
13085,PATH000001804,,
13086,PATH000003767,,
13093,PATH000001606,,
13094,PATH000001623,,
13095,PATH000001472,,
13096,PATH000001478,,
13102,PATH000001484,,
13103,PATH000001489,,
13104,PATH000001493,,
13109,PATH000001773,,
13110,PATH000001822,,
13113,PATH000001475,,
13114,PATH000001483,,
13115,PATH000002784,,
13116,PATH000003237,,
13117,PATH000001485,,
13118,PATH000001491,,
13119,PATH000001760,,
13120,PATH000001780,,
13121,PATH000001798,,
13122,PATH000001762,,
13123,PATH000001812,,
13134,PATH000005972,,
13135,PATH000005994,,
13142,PATH000005395,,
13143,PATH000005441,,
13144,PATH000005369,,
13145,PATH000005785,,
13146,PATH000005021,,
13147,PATH000005474,,
13148,PATH000004988,,
13149,PATH000005590,,
13150,PATH000008182,,
13151,PATH000008420,,
13152,PATH000011576,,
13156,PATH000008378,,
13158,PATH000011571,,
13159,PATH000008226,,
13160,PATH000008449,,
13163,PATH000008309,,
13164,PATH000008355,,
13165,PATH000008215,,
13166,PATH000008383,,
13171,PATH000008250,,
13172,PATH000008445,,
13173,PATH000008181,,
13174,PATH000008254,,
13175,PATH000008278,,
13185,PATH000003279,,
13186,PATH000003422,,
13189,PATH000003378,,
13190,PATH000003484,,
13192,PATH000003309,,
13194,PATH000003485,,
13195,PATH000003550,,
13201,PATH000003480,,
13202,PATH000003273,,
13203,PATH000003470,,
13210,PATH000003599,,
13211,PATH000003611,,
13214,PATH000003512,,
13215,PATH000003514,,
13218,PATH000003356,,
13219,PATH000003609,,
13220,PATH000003278,,
13223,PATH000003443,,
13224,PATH000003506,,
13228,PATH000003557,,
13232,PATH000003503,,
13233,PATH000003542,,
13234,PATH000003362,,
13235,PATH000003392,,
13242,PATH000008270,,
13243,PATH000008315,,
13247,PATH000008150,,
13250,PATH000008149,,
13251,PATH000008365,,
13252,PATH000008180,,
13253,PATH000008209,,
13289,PATH000002772,,
13290,PATH000002969,,
13293,PATH000002889,,
13294,PATH000003001,,
13297,PATH000006024,,
13298,PATH000006073,,
13311,PATH000002799,,
13312,PATH000003095,,
13336,PATH000003836,,
13338,PATH000003766,,
13339,PATH000003688,,
13340,PATH000003811,,
13341,PATH000003734,,
13342,PATH000003791,,
13344,PATH000003835,,
13345,PATH000005978,,
13346,PATH000006030,,
13347,PATH000003640,,
13348,PATH000003817,,
13351,PATH000003755,,
13352,PATH000003768,,
13353,PATH000005941,,
13354,PATH000003659,,
13355,PATH000003764,,
13358,PATH000002658,,
13359,PATH000002723,,
13361,PATH000006098,,
13362,PATH000002781,,
13363,PATH000003108,,
13370,PATH000003752,,
13371,PATH000003847,,
13372,PATH000006003,,
13373,PATH000006035,,
13380,PATH000005965,,
13381,PATH000006000,,
13382,PATH000005955,,
13383,PATH000006043,,
13386,PATH000005969,,
13387,PATH000006049,,
13392,PATH000008293,,
13393,PATH000008412,,
13395,PATH000011524,,
13396,PATH000008161,,
13397,PATH000008203,,
13398,PATH000011528,,
13399,PATH000011589,,
13401,PATH000008389,,
13402,PATH000008268,,
13403,PATH000008354,,
13406,PATH000008120,,
13407,PATH000008302,,
13409,PATH000008131,,
13410,PATH000008138,,
13411,PATH000008088,,
13412,PATH000008228,,
13417,PATH000006039,,
13418,PATH000006061,,
13419,PATH000008222,,
13420,PATH000008325,,
13610,PATH000003732,,
13612,PATH000005796,,
13613,PATH000002580,,
13614,PATH000002907,,
13615,PATH000002843,,
13617,PATH000003091,,
13621,PATH000003071,,
13622,PATH000003175,,
13623,PATH000003799,,
13624,PATH000005528,,
13627,PATH000002931,,
13629,PATH000003229,,
13630,PATH000003137,,
13638,PATH000002609,,
13639,PATH000002624,,
13640,PATH000002982,,
13641,PATH000003010,,
13645,PATH000002685,,
13648,PATH000005335,,
13650,PATH000005911,,
13658,PATH000005153,,
13659,PATH000005196,,
13661,PATH000005411,,
13662,PATH000005425,,
13663,PATH000005010,,
13664,PATH000005501,,
13665,PATH000005518,,
13667,PATH000005745,,
13668,PATH000005875,,
13671,PATH000005531,,
13672,PATH000005826,,
13688,PATH000005134,,
13692,PATH000005861,,
13693,PATH000005248,,
13694,PATH000005151,,
13696,PATH000005910,,
13697,PATH000005102,,
13698,PATH000005154,,
13699,PATH000005171,,
13700,PATH000005555,,
13701,PATH000005688,,
13702,PATH000005804,,
13703,PATH000005091,,
13704,PATH000005175,,
13707,PATH000005784,,
13710,PATH000005432,,
13716,PATH000005887,,
13717,PATH000005277,,
13718,PATH000005752,,
13719,PATH000005288,,
13720,PATH000005595,,
13728,PATH000005235,,
13730,PATH000005658,,
13736,PATH000005241,,
13737,PATH000005447,,
13738,PATH000005069,,
13739,PATH000005072,,
13741,PATH000005387,,
13742,PATH000005613,,
13748,PATH000005065,,
13749,PATH000005530,,
13750,PATH000005537,,
13754,PATH000005902,,
13755,PATH000005169,,
13756,PATH000005249,,
13757,PATH000005293,,
13760,PATH000005811,,
13763,PATH000005803,,
13818,PATH000006432,,
13824,PATH000012686,,
13833,PATH000013558,,
13844,PATH000006773,,
13852,PATH000013498,,
13865,PATH000006168,,
13870,PATH000006707,,
13882,PATH000006363,,
13915,PATH000006345,,
13916,PATH000006119,,
13937,PATH000006579,,
13945,PATH000006131,,
13950,PATH000006764,,
13951,PATH000013613,,
13955,PATH000006474,,
13956,PATH000006537,,
13965,PATH000000278,,
13968,PATH000007834,,
13985,PATH000006575,,
13987,PATH000006203,,
13994,PATH000006571,,
13997,PATH000006734,,
14038,PATH000006177,,
14039,PATH000006227,,
14041,PATH000006520,,
14057,PATH000006221,,
14059,PATH000006307,,
14060,PATH000006362,,
14061,PATH000006391,,
14065,PATH000006558,,
14067,PATH000006165,,
14077,PATH000006144,,
14078,PATH000006254,,
14079,PATH000001019,,
14081,PATH000006693,,
14086,PATH000006618,,
14088,PATH000013554,,
14103,PATH000008762,,
14110,PATH000007682,,
14111,PATH000008104,,
14127,PATH000006812,,
14128,PATH000013490,,
14139,PATH000007694,,
14142,PATH000006702,,
14151,PATH000006285,,
14152,PATH000006288,,
14153,PATH000006668,,
14162,PATH000006143,,
14163,PATH000013564,,
14180,PATH000006426,,
14182,PATH000006506,,
14184,PATH000006368,,
14185,PATH000006674,,
14187,PATH000006364,,
14197,PATH000006667,,
14198,PATH000006800,,
14209,PATH000006212,,
14215,PATH000008816,,
14227,PATH000008442,,
14240,PATH000008823,,
14261,PATH000006326,,
14265,PATH000006788,,
14273,PATH000006496,,
14281,PATH000006501,,
14307,PATH000006769,,
14320,PATH000006162,,
14324,PATH000006556,,
14325,PATH000006557,,
14340,PATH000006549,,
14341,PATH000006645,,
14343,PATH000006153,,
14354,PATH000013630,,
14365,PATH000006766,,
14375,PATH000008017,,
14377,PATH000006336,,
14381,PATH000006452,,
14382,PATH000006357,,
14387,PATH000006329,,
14390,PATH000006278,,
14391,PATH000007651,,
14401,PATH000006320,,
14411,PATH000006704,,
14427,PATH000008098,,
14428,PATH000006392,,
14446,PATH000006161,,
14453,PATH000006526,,
14454,PATH000008244,,
14455,PATH000006201,,
14465,PATH000006132,,
14467,PATH000006553,,
14479,PATH000006334,,
14480,PATH000006690,,
14483,PATH000008667,,
14492,PATH000006137,,
14493,PATH000006223,,
14499,PATH000006797,,
14505,PATH000006732,,
14522,PATH000006121,,
14545,PATH000006621,,
14546,PATH000006146,,
14552,PATH000006284,,
14554,PATH000006418,,
14571,PATH000006625,,
14575,PATH000006270,,
14577,PATH000006744,,
14583,PATH000006480,,
14591,PATH000006525,,
14599,PATH000012389,,
14600,PATH000006196,,
14605,PATH000006706,,
14615,PATH000012356,,
14622,PATH000006303,,
14627,PATH000006584,,
14648,PATH000006809,,
14659,PATH000006638,,
14675,PATH000006152,,
14676,PATH000008649,,
14677,PATH000006277,,
14678,PATH000006564,,
14681,PATH000006182,,
14682,PATH000006385,,
14684,PATH000006401,,
14685,PATH000006708,,
14702,PATH000006472,,
14722,PATH000006514,,
14725,PATH000006795,,
14730,PATH000008785,,
14737,PATH000006319,,
14751,PATH000006593,,
14753,PATH000006653,,
14763,PATH000006259,,
14765,PATH000006332,,
14766,PATH000006130,,
14767,PATH000006406,,
14772,PATH000012358,,
14776,PATH000007027,,
14785,PATH000006187,,
14791,PATH000006471,,
14792,PATH000006235,,
14796,PATH000008399,,
14802,PATH000006138,,
14803,PATH000006445,,
14812,PATH000006451,,
14853,PATH000006531,,
14860,PATH000008779,,
14862,PATH000006114,,
14863,PATH000006574,,
14867,PATH000006330,,
14880,PATH000011939,,
14887,PATH000011949,,
14888,PATH000012016,,
14891,PATH000006438,,
14895,PATH000006393,,
14896,PATH000008481,,
14905,PATH000006428,,
14909,PATH000006698,,
14930,PATH000006150,,
14931,PATH000006727,,
14932,PATH000012247,,
14935,PATH000006475,,
14938,PATH000006613,,
14940,PATH000007980,,
14950,PATH000007121,,
14951,PATH000006671,,
14959,PATH000006289,,
14965,PATH000006492,,
14966,PATH000008396,,
14970,PATH000006662,,
14977,PATH000006111,,
14980,PATH000006232,,
14982,PATH000006573,,
14999,PATH000006660,,
15001,PATH000013598,,
15008,PATH000006244,,
15009,PATH000006323,,
15010,PATH000006402,,
15014,PATH000006807,,
15016,PATH000006386,,
15026,PATH000008597,,
15040,PATH000006749,,
15071,PATH000008380,,
15072,PATH000007249,,
15080,PATH000006686,,
15091,PATH000006279,,
15112,PATH000006595,,
15113,PATH000013749,,
15123,PATH000006127,,
15136,PATH000008140,,
15148,PATH000006791,,
15149,PATH000006154,,
15152,PATH000006236,,
15157,PATH000006626,,
15167,PATH000006523,,
15170,PATH000006160,,
15171,PATH000006550,,
15172,PATH000006463,,
15173,PATH000006263,,
15174,PATH000006568,,
15180,PATH000006522,,
15223,PATH000008295,,
15285,PATH000007122,,
15286,PATH000008080,,
15287,PATH000008257,,
15294,PATH000008318,,
15297,PATH000008368,,
15302,PATH000007023,,
15319,PATH000008086,,
15320,PATH000008125,,
15322,PATH000008238,,
15323,PATH000008339,,
15324,PATH000008430,,
15325,PATH000008475,,
15327,PATH000008708,,
15328,PATH000008854,,
15329,PATH000009433,,
15338,PATH000006427,,
15352,PATH000008467,,
15353,PATH000007744,,
15360,PATH000012693,,
15361,PATH000008282,,
15362,PATH000007195,,
15386,PATH000007081,,
15395,PATH000008113,,
15398,PATH000006142,,
15404,PATH000008235,,
15408,PATH000007701,,
15428,PATH000007695,,
15429,PATH000008793,,
15434,PATH000008005,,
15435,PATH000007906,,
15437,PATH000007025,,
15450,PATH000008733,,
15469,PATH000012584,,
15475,PATH000008873,,
15481,PATH000008825,,
15484,PATH000008176,,
15500,PATH000006151,,
15514,PATH000012729,,
15537,PATH000008236,,
15550,PATH000008774,,
15557,PATH000007079,,
15558,PATH000008710,,
15566,PATH000008154,,
15568,PATH000007728,,
15574,PATH000008142,,
15578,PATH000012313,,
15586,PATH000008476,,
15587,PATH000008651,,
15598,PATH000006156,,
15615,PATH000012702,,
15627,PATH000008819,,
15648,PATH000008190,,
15650,PATH000008610,,
15659,PATH000008326,,
15661,PATH000008456,,
15665,PATH000012230,,
15666,PATH000012360,,
369,,PATH000009979,
569,,PATH000009463,
570,,PATH000009894,
706,,PATH000009633,
713,,PATH000009679,
735,,PATH000009725,
1223,,PATH000009366,
1891,,PATH000004463,
1907,,PATH000004529,
1920,,PATH000004915,
2195,,PATH000009623,
2196,,PATH000009990,
2202,,PATH000009939,
2309,,PATH000009571,
2310,,PATH000009951,
2424,,PATH000009532,
2501,,PATH000000679,
2526,,PATH000000626,
2570,,PATH000000699,
2597,,PATH000013755,
2608,,PATH000002824,
2676,,PATH000002663,
2699,,PATH000000617,
2700,,PATH000000627,
2701,,PATH000000629,
2702,,PATH000000658,
2761,,PATH000000638,
3008,,PATH000001716,
3074,,PATH000003063,
3148,,PATH000000682,
3335,,PATH000000741,
3589,,PATH000007699,
3605,,PATH000003895,
3671,,PATH000003116,
3706,,PATH000001703,
3707,,PATH000001744,
3708,,PATH000001755,
3766,,PATH000007627,
3767,,PATH000007881,
3858,,PATH000008040,
3947,,PATH000000262,
4010,,PATH000000288,
4011,,PATH000000310,
4024,,PATH000000293,
4025,,PATH000000295,
4374,,PATH000008972,
4375,,PATH000009221,
4476,,PATH000000341,
4477,,PATH000000353,
4573,,PATH000009271,
4618,,PATH000008914,
4662,,PATH000008911,
4730,,PATH000008912,
4731,,PATH000008916,
4809,,PATH000008887,
4810,,PATH000008942,
4829,,PATH000009090,
4865,,PATH000009024,
4866,,PATH000008917,
4869,,PATH000008902,
4870,,PATH000009156,
4976,,PATH000008907,
4977,,PATH000009111,
5079,,PATH000002919,
5094,,PATH000002970,
5107,,PATH000002577,
5123,,PATH000002716,
5124,,PATH000002978,
5125,,PATH000002891,
5126,,PATH000003230,
5144,,PATH000002880,
5170,,PATH000002874,
5177,,PATH000003098,
5210,,PATH000008677,
5252,,PATH000008688,
5290,,PATH000008488,
5306,,PATH000008477,
5307,,PATH000008798,
5340,,PATH000008801,
5341,,PATH000008844,
5405,,PATH000009339,
5482,,PATH000009860,
5651,,PATH000002669,
5652,,PATH000002927,
5729,,PATH000008661,
5840,,PATH000009766,
5933,,PATH000011972,
5934,,PATH000012047,
5994,,PATH000012376,
6099,,PATH000012607,
6297,,PATH000012143,
6391,,PATH000012070,
6401,,PATH000012114,
6419,,PATH000000941,
6420,,PATH000000949,
6443,,PATH000001499,
6459,,PATH000012220,
6495,,PATH000001039,
6496,,PATH000001057,
6530,,PATH000012057,
6531,,PATH000012394,
6616,,PATH000001048,
6617,,PATH000001075,
6618,,PATH000000578,
6619,,PATH000000603,
6652,,PATH000005610,
6675,,PATH000001180,
6722,,PATH000012035,
6723,,PATH000012056,
6765,,PATH000012559,
6784,,PATH000001181,
6786,,PATH000001259,
6787,,PATH000001293,
6832,,PATH000000999,
6833,,PATH000001011,
6835,,PATH000001016,
6854,,PATH000001436,
6889,,PATH000011988,
6898,,PATH000001001,
6899,,PATH000001002,
6902,,PATH000000996,
6903,,PATH000001017,
6912,,PATH000000990,
6913,,PATH000001010,
6975,,PATH000013617,
7084,,PATH000012463,
7098,,PATH000001409,
7099,,PATH000001418,
7155,,PATH000012063,
7162,,PATH000001828,
7163,,PATH000001897,
7234,,PATH000011886,
7235,,PATH000012018,
7299,,PATH000001244,
7300,,PATH000001286,
7332,,PATH000012094,
7469,,PATH000012397,
7597,,PATH000001124,
7598,,PATH000001143,
7643,,PATH000000921,
7644,,PATH000000976,
7675,,PATH000006819,
7676,,PATH000006991,
7682,,PATH000007008,
7685,,PATH000006887,
7727,,PATH000001141,
7728,,PATH000001155,
7759,,PATH000012636,
7760,,PATH000012713,
7869,,PATH000001033,
7883,,PATH000001182,
7884,,PATH000001189,
8054,,PATH000000588,
8081,,PATH000012616,
8082,,PATH000012755,
8111,,PATH000005577,
8112,,PATH000005660,
8113,,PATH000011957,
8227,,PATH000001936,
8235,,PATH000005313,
8244,,PATH000005030,
8272,,PATH000011981,
8273,,PATH000012428,
8294,,PATH000000952,
8342,,PATH000001498,
8343,,PATH000001508,
8364,,PATH000001507,
8365,,PATH000001531,
8366,,PATH000000932,
8367,,PATH000000945,
8403,,PATH000013756,
8427,,PATH000000967,
8595,,PATH000006820,
8642,,PATH000012493,
8643,,PATH000012491,
8647,,PATH000001927,
8683,,PATH000012492,
8780,,PATH000003672,
8834,,PATH000004034,
9032,,PATH000008294,
9035,,PATH000008429,
9192,,PATH000003773,
9255,,PATH000004478,
9259,,PATH000004695,
9367,,PATH000007319,
9372,,PATH000007487,
9413,,PATH000007678,
9964,,PATH000004491,
10431,,PATH000007718,
10950,,PATH000008645,
10952,,PATH000009925,
10988,,PATH000009929,
11132,,PATH000007187,
11353,,PATH000004724,
11687,,PATH000005394,
11797,,PATH000009651,
11825,,PATH000000018,
11826,,PATH000000029,
11844,,PATH000000063,
11845,,PATH000000069,
11849,,PATH000000045,
11876,,PATH000000058,
11880,,PATH000000079,
11886,,PATH000000122,
11895,,PATH000000121,
11905,,PATH000000106,
11923,,PATH000000112,
11924,,PATH000000084,
11935,,PATH000000102,
11936,,PATH000000107,
11995,,PATH000000878,
11996,,PATH000000888,
12025,,PATH000003387,
12035,,PATH000000913,
12048,,PATH000000435,
12049,,PATH000000468,
12067,,PATH000000442,
12068,,PATH000000517,
12075,,PATH000000500,
12086,,PATH000000526,
12091,,PATH000001821,
12110,,PATH000000232,
12111,,PATH000000236,
12112,,PATH000003305,
12113,,PATH000003326,
12115,,PATH000003366,
12116,,PATH000003532,
12118,,PATH000000796,
12119,,PATH000000830,
12127,,PATH000000833,
12128,,PATH000000844,
12129,,PATH000000857,
12159,,PATH000000803,
12160,,PATH000000851,
12161,,PATH000003411,
12162,,PATH000003478,
12163,,PATH000003589,
12164,,PATH000000257,
12173,,PATH000000502,
12175,,PATH000000871,
12191,,PATH000000462,
12192,,PATH000000490,
12229,,PATH000000493,
12230,,PATH000000499,
12277,,PATH000001599,
12278,,PATH000001660,
12291,,PATH000001403,
12292,,PATH000001457,
12299,,PATH000001309,
12349,,PATH000001802,
12350,,PATH000001819,
12375,,PATH000001315,
12376,,PATH000001340,
12407,,PATH000001373,
12408,,PATH000001379,
12422,,PATH000001432,
12423,,PATH000001460,
12426,,PATH000001404,
12427,,PATH000001461,
12457,,PATH000000459,
12458,,PATH000000511,
12492,,PATH000000196,
12493,,PATH000000217,
12562,,PATH000001444,
12574,,PATH000001647,
12575,,PATH000001648,
12617,,PATH000000781,
12619,,PATH000000779,
12632,,PATH000000818,
12633,,PATH000000855,
12642,,PATH000001766,
12643,,PATH000001792,
12644,,PATH000001805,
12674,,PATH000001791,
12675,,PATH000001817,
12689,,PATH000001620,
12690,,PATH000001653,
12713,,PATH000001417,
12716,,PATH000003383,
12728,,PATH000003442,
12834,,PATH000001814,
12868,,PATH000003404,
12869,,PATH000003516,
12875,,PATH000003375,
12876,,PATH000003571,
12878,,PATH000003288,
12889,,PATH000003427,
12890,,PATH000003456,
13009,,PATH000003458,
13036,,PATH000005964,
13037,,PATH000006032,
13070,,PATH000003662,
13071,,PATH000003802,
13073,,PATH000003792,
13153,,PATH000008343,
13154,,PATH000008381,
13161,,PATH000008208,
13162,,PATH000008436,
13216,,PATH000003391,
13217,,PATH000003545,
13236,,PATH000003261,
13255,,PATH000008363,
13349,,PATH000003740,
13350,,PATH000003782,
13374,,PATH000012017,
13375,,PATH000012027,
13376,,PATH000011907,
13377,,PATH000012420,
13385,,PATH000006091,
13388,,PATH000008336,
13389,,PATH000008347,
13413,,PATH000008122,
13414,,PATH000008367,
13652,,PATH000005139,
13654,,PATH000005440,
13657,,PATH000005695,
13722,,PATH000005066,
13723,,PATH000005366,
13724,,PATH000005457,
13744,,PATH000005096,
13745,,PATH000005542,
13746,,PATH000005724,
13747,,PATH000005733,
13837,,PATH000006429,
13897,,PATH000012074,
13909,,PATH000006563,
13958,,PATH000006630,
14013,,PATH000006443,
14144,,PATH000006339,
14175,,PATH000006439,
14244,,PATH000006746,
14315,,PATH000007700,
14396,,PATH000006139,
14417,,PATH000012128,
14549,,PATH000008761,
14618,,PATH000012748,
14688,,PATH000006681,
14695,,PATH000006421,
14700,,PATH000006118,
14715,,PATH000013541,
14769,,PATH000008048,
14774,,PATH000006771,
14800,,PATH000006631,
14889,,PATH000006607,
15096,,PATH000006195,
15097,,PATH000013584,
15125,,PATH000006499,
15132,,PATH000006202,
15244,,PATH000007802,
15584,,PATH000007768,
15585,,PATH000007586,
15591,,PATH000008082,
15654,,PATH000008162,
468,,,PATH000009520
561,,,PATH000009772
562,,,PATH000009934
725,,,PATH000009798
753,,,PATH000009948
1566,,,PATH000004435
1709,,,PATH000004833
1721,,,PATH000004370
1770,,,PATH000004674
1826,,,PATH000004835
1879,,,PATH000004796
2305,,,PATH000009533
2306,,,PATH000009699
2346,,,PATH000009459
2368,,,PATH000009410
2463,,,PATH000000656
2483,,,PATH000000608
2568,,,PATH000000739
2571,,,PATH000000687
2572,,,PATH000002696
2573,,,PATH000002802
2574,,,PATH000003202
3052,,,PATH000002793
3112,,,PATH000003885
3167,,,PATH000001721
3365,,,PATH000001745
3445,,,PATH000002641
3462,,,PATH000012764
3468,,,PATH000004032
3539,,,PATH000006041
3588,,,PATH000000720
3683,,,PATH000002827
3743,,,PATH000007507
3933,,,PATH000000221
3934,,,PATH000000260
4044,,,PATH000000302
4045,,,PATH000000304
4062,,,PATH000000324
4087,,,PATH000004208
4117,,,PATH000009028
4150,,,PATH000004218
4250,,,PATH000009163
4269,,,PATH000009080
4274,,,PATH000004241
4309,,,PATH000009172
4348,,,PATH000000380
4349,,,PATH000000407
4350,,,PATH000009139
4351,,,PATH000009198
4397,,,PATH000008953
4398,,,PATH000009131
4414,,,PATH000008910
4415,,,PATH000008957
4462,,,PATH000008984
4466,,,PATH000009234
4469,,,PATH000000350
4546,,,PATH000008891
4547,,,PATH000009018
4597,,,PATH000000360
4598,,,PATH000000368
4622,,,PATH000008923
4623,,,PATH000008952
4626,,,PATH000008985
4764,,,PATH000000383
4765,,,PATH000000384
4768,,,PATH000009101
4800,,,PATH000009059
4801,,,PATH000009188
4833,,,PATH000000529
4885,,,PATH000009008
4957,,,PATH000008954
4958,,,PATH000009175
4964,,,PATH000000538
4966,,,PATH000000533
4967,,,PATH000000535
5046,,,PATH000002924
5047,,,PATH000003203
5048,,,PATH000003247
5059,,,PATH000002841
5060,,,PATH000003090
5073,,,PATH000003033
5115,,,PATH000003072
5142,,,PATH000002627
5143,,,PATH000002731
5161,,,PATH000002717
5169,,,PATH000002694
5181,,,PATH000003157
5189,,,PATH000003013
5195,,,PATH000002886
5196,,,PATH000002983
5260,,,PATH000008672
5304,,,PATH000008593
5324,,,PATH000008690
5325,,,PATH000008874
5344,,,PATH000009289
5345,,,PATH000009311
5370,,,PATH000009288
5371,,,PATH000009326
5566,,,PATH000002992
5622,,,PATH000004523
5667,,,PATH000003142
5688,,,PATH000003151
5689,,,PATH000003238
5751,,,PATH000008468
5752,,,PATH000008640
5779,,,PATH000009626
5780,,,PATH000009652
5867,,,PATH000012243
5868,,,PATH000012355
5949,,,PATH000011920
5995,,,PATH000012130
6007,,,PATH000013746
6050,,,PATH000012761
6056,,,PATH000012722
6078,,,PATH000012619
6177,,,PATH000000977
6178,,,PATH000000979
6357,,,PATH000001852
6358,,,PATH000001890
6400,,,PATH000012203
6483,,,PATH000001850
6484,,,PATH000001888
6485,,,PATH000012012
6510,,,PATH000001487
6645,,,PATH000005113
6646,,,PATH000005424
6775,,,PATH000002008
6794,,,PATH000011526
6795,,,PATH000011584
6821,,,PATH000000596
6824,,,PATH000011913
6828,,,PATH000012365
6842,,,PATH000001412
6850,,,PATH000012290
6851,,,PATH000012414
6876,,,PATH000000579
6877,,,PATH000000595
6892,,,PATH000012124
6904,,,PATH000012456
6905,,,PATH000012575
6937,,,PATH000000584
7064,,,PATH000005359
7065,,,PATH000005856
7093,,,PATH000012496
7094,,,PATH000012462
7095,,,PATH000012495
7104,,,PATH000001450
7105,,,PATH000001459
7179,,,PATH000006999
7244,,,PATH000012594
7280,,,PATH000005186
7281,,,PATH000005899
7282,,,PATH000005009
7326,,,PATH000001994
7537,,,PATH000012349
7552,,,PATH000012305
7619,,,PATH000012295
7629,,,PATH000000972
7630,,,PATH000001931
7635,,,PATH000001270
7636,,,PATH000001283
7698,,,PATH000011976
7736,,,PATH000001369
7829,,,PATH000011618
7836,,,PATH000001183
7837,,,PATH000001198
7927,,,PATH000005220
7928,,,PATH000005344
7988,,,PATH000012629
8091,,,PATH000001174
8121,,,PATH000012615
8122,,,PATH000012683
8125,,,PATH000001175
8126,,,PATH000001190
8270,,,PATH000012133
8279,,,PATH000012310
8352,,,PATH000012510
8354,,,PATH000000926
8369,,,PATH000000966
8379,,,PATH000011610
8408,,,PATH000012540
8470,,,PATH000000928
8478,,,PATH000001250
8479,,,PATH000001287
8532,,,PATH000012252
8533,,,PATH000012319
8561,,,PATH000005622
8562,,,PATH000005690
8563,,,PATH000012370
8574,,,PATH000000598
8583,,,PATH000001986
8584,,,PATH000002004
8653,,,PATH000006838
8654,,,PATH000006982
8671,,,PATH000001257
8672,,,PATH000001288
9234,,,PATH000007201
9410,,,PATH000008372
9742,,,PATH000011663
9787,,,PATH000011812
9855,,,PATH000011721
9932,,,PATH000003701
9933,,,PATH000003712
10012,,,PATH000005536
10013,,,PATH000005728
10014,,,PATH000004639
10036,,,PATH000007572
10078,,,PATH000007438
10079,,,PATH000007492
10081,,,PATH000007546
10101,,,PATH000008075
10236,,,PATH000003695
10241,,,PATH000004181
10284,,,PATH000005730
10366,,,PATH000007427
10370,,,PATH000007638
10371,,,PATH000007911
10514,,,PATH000009982
11077,,,PATH000004925
11378,,,PATH000004625
11435,,,PATH000007526
11716,,,PATH000007090
11717,,,PATH000007276
11718,,,PATH000007919
11791,,,PATH000008127
11841,,,PATH000000070
11858,,,PATH000000060
11859,,,PATH000003463
11860,,,PATH000003495
11925,,,PATH000000096
11949,,,PATH000000149
11950,,,PATH000000162
11951,,,PATH000000171
11952,,,PATH000000177
11965,,,PATH000000163
11980,,,PATH000000146
11981,,,PATH000000167
12005,,,PATH000000907
12013,,,PATH000000885
12027,,,PATH000003471
12069,,,PATH000000240
12120,,,PATH000000824
12121,,,PATH000000852
12135,,,PATH000000788
12136,,,PATH000000791
12137,,,PATH000000790
12138,,,PATH000000825
12155,,,PATH000000198
12156,,,PATH000000226
12186,,,PATH000001329
12187,,,PATH000001344
12193,,,PATH000000197
12194,,,PATH000000225
12223,,,PATH000000879
12224,,,PATH000000882
12225,,,PATH000000473
12226,,,PATH000000480
12245,,,PATH000000444
12246,,,PATH000000487
12271,,,PATH000000797
12272,,,PATH000000838
12273,,,PATH000000873
12316,,,PATH000001621
12317,,,PATH000001637
12328,,,PATH000001633
12329,,,PATH000001644
12337,,,PATH000001784
12338,,,PATH000001811
12368,,,PATH000000451
12391,,,PATH000001595
12405,,,PATH000001574
12450,,,PATH000000488
12465,,,PATH000000445
12466,,,PATH000000446
12467,,,PATH000000457
12468,,,PATH000003260
12469,,,PATH000003295
12471,,,PATH000003393
12472,,,PATH000003487
12473,,,PATH000003529
12474,,,PATH000003563
12475,,,PATH000003579
12476,,,PATH000003587
12477,,,PATH000003595
12526,,,PATH000000243
12527,,,PATH000000264
12528,,,PATH000003344
12529,,,PATH000003497
12584,,,PATH000001431
12585,,,PATH000001437
12600,,,PATH000001818
12620,,,PATH000000809
12625,,,PATH000000776
12626,,,PATH000000839
12660,,,PATH000001763
12661,,,PATH000001800
12666,,,PATH000001626
12667,,,PATH000001654
12668,,,PATH000004111
12669,,,PATH000004120
12704,,,PATH000001618
12788,,,PATH000006009
12789,,,PATH000006017
12790,,,PATH000006044
12814,,,PATH000001448
12871,,,PATH000003558
12882,,,PATH000003410
12883,,,PATH000003533
12949,,,PATH000003274
12950,,,PATH000003347
12966,,,PATH000003454
12967,,,PATH000003462
12993,,,PATH000003990
12994,,,PATH000004117
13042,,,PATH000009404
13043,,,PATH000009588
13099,,,PATH000001490
13100,,,PATH000001494
13101,,,PATH000003825
13132,,,PATH000008166
13133,,,PATH000008384
13197,,,PATH000003605
13226,,,PATH000003449
13227,,,PATH000003483
13275,,,PATH000003709
13276,,,PATH000003719
13319,,,PATH000003721
13320,,,PATH000003761
13330,,,PATH000005967
13368,,,PATH000003711
13631,,,PATH000002741
13632,,,PATH000002757
13633,,,PATH000002768
13634,,,PATH000002926
13635,,,PATH000002976
13669,,,PATH000005748
13670,,,PATH000005774
13673,,,PATH000005017
13674,,,PATH000005059
13675,,,PATH000005119
13676,,,PATH000005442
13677,,,PATH000005547
13678,,,PATH000005641
13682,,,PATH000005496
13683,,,PATH000005670
13684,,,PATH000005732
13685,,,PATH000005791
13686,,,PATH000005795
13733,,,PATH000005056
13735,,,PATH000005161
13853,,,PATH000006271
13999,,,PATH000006290
14007,,,PATH000006163
14008,,,PATH000006241
14033,,,PATH000006636
14070,,,PATH000006383
14071,,,PATH000006774
14119,,,PATH000006776
14289,,,PATH000013537
14347,,,PATH000006176
14371,,,PATH000006728
14563,,,PATH000008333
14705,,,PATH000013580
14825,,,PATH000006109
14826,,,PATH000006742
15017,,,PATH000006366
15031,,,PATH000006684
15053,,,PATH000006666
15098,,,PATH000006296
15107,,,PATH000006620
15143,,,PATH000006210
15335,,,PATH000008109
15563,,,PATH000008357
